{
  "Enhanced Entity Search" : {
    "transaction" : "Enhanced Entity Search",
    "sampleCount" : 6,
    "errorCount" : 0,
    "errorPct" : 0.0,
    "meanResTime" : 359.33333333333337,
    "medianResTime" : 292.0,
    "minResTime" : 276.0,
    "maxResTime" : 510.0,
    "pct1ResTime" : 510.0,
    "pct2ResTime" : 510.0,
    "pct3ResTime" : 510.0,
    "throughput" : 0.035186075696977515,
    "receivedKBytesPerSec" : 0.20283535628833818,
    "sentKBytesPerSec" : 0.07483913366017289
  },
  "Radial Map" : {
    "transaction" : "Radial Map",
    "sampleCount" : 6,
    "errorCount" : 0,
    "errorPct" : 0.0,
    "meanResTime" : 11166.333333333334,
    "medianResTime" : 8453.0,
    "minResTime" : 7330.0,
    "maxResTime" : 17716.0,
    "pct1ResTime" : 17716.0,
    "pct2ResTime" : 17716.0,
    "pct3ResTime" : 17716.0,
    "throughput" : 0.03392513852764899,
    "receivedKBytesPerSec" : 15.50090599556146,
    "sentKBytesPerSec" : 0.0744100206377926
  },
  "EPR" : {
    "transaction" : "EPR",
    "sampleCount" : 6,
    "errorCount" : 0,
    "errorPct" : 0.0,
    "meanResTime" : 56263.666666666664,
    "medianResTime" : 55966.0,
    "minResTime" : 52724.0,
    "maxResTime" : 60101.0,
    "pct1ResTime" : 60101.0,
    "pct2ResTime" : 60101.0,
    "pct3ResTime" : 60101.0,
    "throughput" : 0.028528364326231355,
    "receivedKBytesPerSec" : 2.0431305035969514,
    "sentKBytesPerSec" : 0.05714030784482472
  },
  "Total" : {
    "transaction" : "Total",
    "sampleCount" : 13,
    "errorCount" : 0,
    "errorPct" : 0.0,
    "meanResTime" : 18697.846153846156,
    "medianResTime" : 12060.0,
    "minResTime" : 276.0,
    "maxResTime" : 60101.0,
    "pct1ResTime" : 58447.0,
    "pct2ResTime" : 60101.0,
    "pct3ResTime" : 60101.0,
    "throughput" : 0.0533453702373869,
    "receivedKBytesPerSec" : 7.637749030550483,
    "sentKBytesPerSec" : 0.10649438206569688
  },
  "Token" : {
    "transaction" : "Token",
    "sampleCount" : 2,
    "errorCount" : 0,
    "errorPct" : 0.0,
    "meanResTime" : 1000.0,
    "medianResTime" : 1000.0,
    "minResTime" : 1000.0,
    "maxResTime" : 1000.0,
    "pct1ResTime" : 1000.0,
    "pct2ResTime" : 1000.0,
    "pct3ResTime" : 1000.0,
    "throughput" : 0.4894762604013706,
    "receivedKBytesPerSec" : 1.0855474486049925,
    "sentKBytesPerSec" : 0.12380307758198726
  },
  "Interconnection Map" : {
    "transaction" : "Interconnection Map",
    "sampleCount" : 6,
    "errorCount" : 0,
    "errorPct" : 0.0,
    "meanResTime" : 12901.333333333334,
    "medianResTime" : 13067.0,
    "minResTime" : 12060.0,
    "maxResTime" : 13577.0,
    "pct1ResTime" : 13577.0,
    "pct2ResTime" : 13577.0,
    "pct3ResTime" : 13577.0,
    "throughput" : 0.035047957288222714,
    "receivedKBytesPerSec" : 2.992766977814643,
    "sentKBytesPerSec" : 0.07861831825297616
  }
}