{
  "Enhanced Entity Search" : {
    "transaction" : "Enhanced Entity Search",
    "sampleCount" : 4,
    "errorCount" : 0,
    "errorPct" : 0.0,
    "meanResTime" : 388.0,
    "medianResTime" : 388.0,
    "minResTime" : 388.0,
    "maxResTime" : 388.0,
    "pct1ResTime" : 388.0,
    "pct2ResTime" : 388.0,
    "pct3ResTime" : 388.0,
    "throughput" : 10.309278350515465,
    "receivedKBytesPerSec" : 23.679123711340207,
    "sentKBytesPerSec" : 20.215850515463917
  },
  "RED List Report" : {
    "transaction" : "RED List Report",
    "sampleCount" : 4,
    "errorCount" : 0,
    "errorPct" : 0.0,
    "meanResTime" : 59846.0,
    "medianResTime" : 59846.0,
    "minResTime" : 59846.0,
    "maxResTime" : 59846.0,
    "pct1ResTime" : 59846.0,
    "pct2ResTime" : 59846.0,
    "pct3ResTime" : 59846.0,
    "throughput" : 0.06683821809310564,
    "receivedKBytesPerSec" : 2.6044712679209976,
    "sentKBytesPerSec" : 0.13217518714701068
  },
  "Basic Entity Search" : {
    "transaction" : "Basic Entity Search",
    "sampleCount" : 4,
    "errorCount" : 0,
    "errorPct" : 0.0,
    "meanResTime" : 956.0,
    "medianResTime" : 956.0,
    "minResTime" : 956.0,
    "maxResTime" : 956.0,
    "pct1ResTime" : 956.0,
    "pct2ResTime" : 956.0,
    "pct3ResTime" : 956.0,
    "throughput" : 4.184100418410042,
    "receivedKBytesPerSec" : 3.121731171548117,
    "sentKBytesPerSec" : 7.873790533472803
  },
  "Radial Map" : {
    "transaction" : "Radial Map",
    "sampleCount" : 4,
    "errorCount" : 0,
    "errorPct" : 0.0,
    "meanResTime" : 34781.0,
    "medianResTime" : 34781.0,
    "minResTime" : 34781.0,
    "maxResTime" : 34781.0,
    "pct1ResTime" : 34781.0,
    "pct2ResTime" : 34781.0,
    "pct3ResTime" : 34781.0,
    "throughput" : 0.11500531899600357,
    "receivedKBytesPerSec" : 242.41560137000087,
    "sentKBytesPerSec" : 0.23360455421063225
  },
  "EPR" : {
    "transaction" : "EPR",
    "sampleCount" : 4,
    "errorCount" : 0,
    "errorPct" : 0.0,
    "meanResTime" : 80965.0,
    "medianResTime" : 80965.0,
    "minResTime" : 80965.0,
    "maxResTime" : 80965.0,
    "pct1ResTime" : 80965.0,
    "pct2ResTime" : 80965.0,
    "pct3ResTime" : 80965.0,
    "throughput" : 0.04940406348422158,
    "receivedKBytesPerSec" : 28.533162477613782,
    "sentKBytesPerSec" : 0.09499668066448465
  },
  "Total" : {
    "transaction" : "Total",
    "sampleCount" : 18,
    "errorCount" : 2,
    "errorPct" : 11.111111,
    "meanResTime" : 46923.0,
    "medianResTime" : 34781.0,
    "minResTime" : 388.0,
    "maxResTime" : 180102.0,
    "pct1ResTime" : 180102.0,
    "pct2ResTime" : 180102.0,
    "pct3ResTime" : 180102.0,
    "throughput" : 0.04261716761568785,
    "receivedKBytesPerSec" : 25.392109387023073,
    "sentKBytesPerSec" : 0.0669870106424538
  },
  "LBO Map" : {
    "transaction" : "LBO Map",
    "sampleCount" : 4,
    "errorCount" : 0,
    "errorPct" : 0.0,
    "meanResTime" : 44089.0,
    "medianResTime" : 44089.0,
    "minResTime" : 44089.0,
    "maxResTime" : 44089.0,
    "pct1ResTime" : 44089.0,
    "pct2ResTime" : 44089.0,
    "pct3ResTime" : 44089.0,
    "throughput" : 0.09072557780852367,
    "receivedKBytesPerSec" : 238.26787152124112,
    "sentKBytesPerSec" : 0.1842863299235637
  },
  "Token" : {
    "transaction" : "Token",
    "sampleCount" : 4,
    "errorCount" : 0,
    "errorPct" : 0.0,
    "meanResTime" : 1952.0,
    "medianResTime" : 1952.0,
    "minResTime" : 1952.0,
    "maxResTime" : 1952.0,
    "pct1ResTime" : 1952.0,
    "pct2ResTime" : 1952.0,
    "pct3ResTime" : 1952.0,
    "throughput" : 1.5791551519936833,
    "receivedKBytesPerSec" : 3.502208349782866,
    "sentKBytesPerSec" : 0.4102102250296092
  },
  "Interconnection Map" : {
    "transaction" : "Interconnection Map",
    "sampleCount" : 4,
    "errorCount" : 0,
    "errorPct" : 0.0,
    "meanResTime" : 19228.0,
    "medianResTime" : 19228.0,
    "minResTime" : 19228.0,
    "maxResTime" : 19228.0,
    "pct1ResTime" : 19228.0,
    "pct2ResTime" : 19228.0,
    "pct3ResTime" : 19228.0,
    "throughput" : 0.20802995631370916,
    "receivedKBytesPerSec" : 0.7016947940503432,
    "sentKBytesPerSec" : 0.43292171572706467
  },
  "Investee Companies Map" : {
    "transaction" : "Investee Companies Map",
    "sampleCount" : 4,
    "errorCount" : 4,
    "errorPct" : 100.0,
    "meanResTime" : 180102.0,
    "medianResTime" : 180102.0,
    "minResTime" : 180102.0,
    "maxResTime" : 180102.0,
    "pct1ResTime" : 180102.0,
    "pct2ResTime" : 180102.0,
    "pct3ResTime" : 180102.0,
    "throughput" : 0.022209636761390768,
    "receivedKBytesPerSec" : 0.06905808930494942,
    "sentKBytesPerSec" : 0.0
  }
}