{
  "Enhanced Entity Search" : {
    "transaction" : "Enhanced Entity Search",
    "sampleCount" : 12,
    "errorCount" : 4,
    "errorPct" : 33.333332,
    "meanResTime" : 61750.166666666686,
    "medianResTime" : 4244.5,
    "minResTime" : 677.0,
    "maxResTime" : 180396.0,
    "pct1ResTime" : 180396.0,
    "pct2ResTime" : 180396.0,
    "pct3ResTime" : 180396.0,
    "throughput" : 0.004858159947629035,
    "receivedKBytesPerSec" : 0.01957259654681991,
    "sentKBytesPerSec" : 0.007019187150895663
  },
  "Basic Entity Search" : {
    "transaction" : "Basic Entity Search",
    "sampleCount" : 12,
    "errorCount" : 4,
    "errorPct" : 33.333332,
    "meanResTime" : 61455.166666666664,
    "medianResTime" : 3693.0,
    "minResTime" : 292.0,
    "maxResTime" : 180542.0,
    "pct1ResTime" : 180542.0,
    "pct2ResTime" : 180542.0,
    "pct3ResTime" : 180542.0,
    "throughput" : 0.004534223754118115,
    "receivedKBytesPerSec" : 0.011870603692218403,
    "sentKBytesPerSec" : 0.0063238547117575065
  },
  "Radial Map" : {
    "transaction" : "Radial Map",
    "sampleCount" : 12,
    "errorCount" : 4,
    "errorPct" : 33.333332,
    "meanResTime" : 90716.83333333334,
    "medianResTime" : 65542.5,
    "minResTime" : 26333.0,
    "maxResTime" : 180178.0,
    "pct1ResTime" : 180178.0,
    "pct2ResTime" : 180178.0,
    "pct3ResTime" : 180178.0,
    "throughput" : 0.005095026489891892,
    "receivedKBytesPerSec" : 25.675255702661474,
    "sentKBytesPerSec" : 0.00752063724557773
  },
  "EPR" : {
    "transaction" : "EPR",
    "sampleCount" : 12,
    "errorCount" : 4,
    "errorPct" : 33.333332,
    "meanResTime" : 641704.4999999999,
    "medianResTime" : 72071.0,
    "minResTime" : 33694.0,
    "maxResTime" : 1819249.0,
    "pct1ResTime" : 1819249.0,
    "pct2ResTime" : 1819249.0,
    "pct3ResTime" : 1819249.0,
    "throughput" : 0.005324345837559533,
    "receivedKBytesPerSec" : 1.8011636288500568,
    "sentKBytesPerSec" : 0.007474362442863114
  },
  "Total" : {
    "transaction" : "Total",
    "sampleCount" : 60,
    "errorCount" : 10,
    "errorPct" : 16.666666,
    "meanResTime" : 96567.49999999999,
    "medianResTime" : 432.0,
    "minResTime" : 55.0,
    "maxResTime" : 1819187.0,
    "pct1ResTime" : 180034.9,
    "pct2ResTime" : 180040.0,
    "pct3ResTime" : 1819187.0,
    "throughput" : 0.02041191239207201,
    "receivedKBytesPerSec" : 14.631949830921325,
    "sentKBytesPerSec" : 0.016045809647009995
  },
  "Token" : {
    "transaction" : "Token",
    "sampleCount" : 60,
    "errorCount" : 0,
    "errorPct" : 0.0,
    "meanResTime" : 211.53333333333342,
    "medianResTime" : 198.0,
    "minResTime" : 55.0,
    "maxResTime" : 508.0,
    "pct1ResTime" : 356.0,
    "pct2ResTime" : 508.0,
    "pct3ResTime" : 508.0,
    "throughput" : 0.020626311059896745,
    "receivedKBytesPerSec" : 0.045744484782251474,
    "sentKBytesPerSec" : 0.005217006410657477
  },
  "Interconnection Map" : {
    "transaction" : "Interconnection Map",
    "sampleCount" : 12,
    "errorCount" : 4,
    "errorPct" : 33.333332,
    "meanResTime" : 109519.49999999999,
    "medianResTime" : 135243.0,
    "minResTime" : 13194.0,
    "maxResTime" : 180159.0,
    "pct1ResTime" : 180159.0,
    "pct2ResTime" : 180159.0,
    "pct3ResTime" : 180159.0,
    "throughput" : 0.0050951260024660406,
    "receivedKBytesPerSec" : 9.062093749946925,
    "sentKBytesPerSec" : 0.0076899582390735025
  }
}