{
  "Enhanced Entity Search" : {
    "transaction" : "Enhanced Entity Search",
    "sampleCount" : 4,
    "errorCount" : 0,
    "errorPct" : 0.0,
    "meanResTime" : 240.0,
    "medianResTime" : 240.0,
    "minResTime" : 240.0,
    "maxResTime" : 240.0,
    "pct1ResTime" : 240.0,
    "pct2ResTime" : 240.0,
    "pct3ResTime" : 240.0,
    "throughput" : 16.528925619834713,
    "receivedKBytesPerSec" : 56.85046487603306,
    "sentKBytesPerSec" : 34.36531508264463
  },
  "Radial Map" : {
    "transaction" : "Radial Map",
    "sampleCount" : 4,
    "errorCount" : 0,
    "errorPct" : 0.0,
    "meanResTime" : 11370.0,
    "medianResTime" : 11370.0,
    "minResTime" : 11370.0,
    "maxResTime" : 11370.0,
    "pct1ResTime" : 11370.0,
    "pct2ResTime" : 11370.0,
    "pct3ResTime" : 11370.0,
    "throughput" : 0.3517720517104916,
    "receivedKBytesPerSec" : 804.8537672588162,
    "sentKBytesPerSec" : 0.7571343769237534
  },
  "EPR" : {
    "transaction" : "EPR",
    "sampleCount" : 4,
    "errorCount" : 0,
    "errorPct" : 0.0,
    "meanResTime" : 11324.0,
    "medianResTime" : 11324.0,
    "minResTime" : 11324.0,
    "maxResTime" : 11324.0,
    "pct1ResTime" : 11324.0,
    "pct2ResTime" : 11324.0,
    "pct3ResTime" : 11324.0,
    "throughput" : 0.35320088300220753,
    "receivedKBytesPerSec" : 63.72413079470199,
    "sentKBytesPerSec" : 0.6629415011037528
  },
  "Total" : {
    "transaction" : "Total",
    "sampleCount" : 9,
    "errorCount" : 0,
    "errorPct" : 0.0,
    "meanResTime" : 6685.444444444444,
    "medianResTime" : 6955.0,
    "minResTime" : 240.0,
    "maxResTime" : 11370.0,
    "pct1ResTime" : 11370.0,
    "pct2ResTime" : 11370.0,
    "pct3ResTime" : 11370.0,
    "throughput" : 0.2965208223510807,
    "receivedKBytesPerSec" : 163.5068130292073,
    "sentKBytesPerSec" : 0.5560408910450712
  },
  "Login" : {
    "transaction" : "Login",
    "sampleCount" : 2,
    "errorCount" : 0,
    "errorPct" : 0.0,
    "meanResTime" : 695.5,
    "medianResTime" : 695.5,
    "minResTime" : 391.0,
    "maxResTime" : 1000.0,
    "pct1ResTime" : 1000.0,
    "pct2ResTime" : 1000.0,
    "pct3ResTime" : 1000.0,
    "throughput" : 2.0,
    "receivedKBytesPerSec" : 4.435546875,
    "sentKBytesPerSec" : 0.51953125
  },
  "Interconnection Map" : {
    "transaction" : "Interconnection Map",
    "sampleCount" : 4,
    "errorCount" : 0,
    "errorPct" : 0.0,
    "meanResTime" : 6955.0,
    "medianResTime" : 6955.0,
    "minResTime" : 6955.0,
    "maxResTime" : 6955.0,
    "pct1ResTime" : 6955.0,
    "pct2ResTime" : 6955.0,
    "pct3ResTime" : 6955.0,
    "throughput" : 0.5751258087706687,
    "receivedKBytesPerSec" : 4.8391445003594535,
    "sentKBytesPerSec" : 1.2653891085549964
  }
}