{
  "Enhanced Entity Search" : {
    "transaction" : "Enhanced Entity Search",
    "sampleCount" : 12,
    "errorCount" : 0,
    "errorPct" : 0.0,
    "meanResTime" : 879.0,
    "medianResTime" : 945.0,
    "minResTime" : 672.0,
    "maxResTime" : 1020.0,
    "pct1ResTime" : 1020.0,
    "pct2ResTime" : 1020.0,
    "pct3ResTime" : 1020.0,
    "throughput" : 0.0350753096126809,
    "receivedKBytesPerSec" : 0.8718817684386518,
    "sentKBytesPerSec" : 0.06881474317566008
  },
  "Basic Entity Search" : {
    "transaction" : "Basic Entity Search",
    "sampleCount" : 12,
    "errorCount" : 0,
    "errorPct" : 0.0,
    "meanResTime" : 955.0,
    "medianResTime" : 921.0,
    "minResTime" : 776.0,
    "maxResTime" : 1168.0,
    "pct1ResTime" : 1168.0,
    "pct2ResTime" : 1168.0,
    "pct3ResTime" : 1168.0,
    "throughput" : 0.03496472932928908,
    "receivedKBytesPerSec" : 0.07522197139885141,
    "sentKBytesPerSec" : 0.06586617468378773
  },
  "Radial Map" : {
    "transaction" : "Radial Map",
    "sampleCount" : 12,
    "errorCount" : 0,
    "errorPct" : 0.0,
    "meanResTime" : 36822.666666666664,
    "medianResTime" : 36308.0,
    "minResTime" : 29990.0,
    "maxResTime" : 44170.0,
    "pct1ResTime" : 44170.0,
    "pct2ResTime" : 44170.0,
    "pct3ResTime" : 44170.0,
    "throughput" : 0.032332812415799966,
    "receivedKBytesPerSec" : 58.66984577922078,
    "sentKBytesPerSec" : 0.06545500013472005
  },
  "EPR" : {
    "transaction" : "EPR",
    "sampleCount" : 12,
    "errorCount" : 0,
    "errorPct" : 0.0,
    "meanResTime" : 124938.33333333333,
    "medianResTime" : 123805.0,
    "minResTime" : 117836.0,
    "maxResTime" : 133174.0,
    "pct1ResTime" : 133174.0,
    "pct2ResTime" : 133174.0,
    "pct3ResTime" : 133174.0,
    "throughput" : 0.026978538572565523,
    "receivedKBytesPerSec" : 0.09020948835201598,
    "sentKBytesPerSec" : 0.051691301444700744
  },
  "Total" : {
    "transaction" : "Total",
    "sampleCount" : 26,
    "errorCount" : 0,
    "errorPct" : 0.0,
    "meanResTime" : 37828.61538461538,
    "medianResTime" : 1168.0,
    "minResTime" : 672.0,
    "maxResTime" : 133174.0,
    "pct1ResTime" : 126615.70000000001,
    "pct2ResTime" : 133174.0,
    "pct3ResTime" : 133174.0,
    "throughput" : 0.052760489698514386,
    "receivedKBytesPerSec" : 22.471735723721725,
    "sentKBytesPerSec" : 0.09582655648517735
  },
  "Token" : {
    "transaction" : "Token",
    "sampleCount" : 4,
    "errorCount" : 0,
    "errorPct" : 0.0,
    "meanResTime" : 987.0,
    "medianResTime" : 987.0,
    "minResTime" : 987.0,
    "maxResTime" : 987.0,
    "pct1ResTime" : 987.0,
    "pct2ResTime" : 987.0,
    "pct3ResTime" : 987.0,
    "throughput" : 0.9682885499878964,
    "receivedKBytesPerSec" : 2.1474446259985474,
    "sentKBytesPerSec" : 0.24490892035826675
  }
}