{
  "Total" : {
    "transaction" : "Total",
    "sampleCount" : 4,
    "errorCount" : 0,
    "errorPct" : 0.0,
    "meanResTime" : 54274.25,
    "medianResTime" : 71206.0,
    "minResTime" : 674.0,
    "maxResTime" : 74011.0,
    "pct1ResTime" : 74011.0,
    "pct2ResTime" : 74011.0,
    "pct3ResTime" : 74011.0,
    "throughput" : 0.018376441402122478,
    "receivedKBytesPerSec" : 1.5369183425598383,
    "sentKBytesPerSec" : 0.032513200888960356
  },
  "Token" : {
    "transaction" : "Token",
    "sampleCount" : 2,
    "errorCount" : 0,
    "errorPct" : 0.0,
    "meanResTime" : 674.0,
    "medianResTime" : 674.0,
    "minResTime" : 674.0,
    "maxResTime" : 674.0,
    "pct1ResTime" : 674.0,
    "pct2ResTime" : 674.0,
    "pct3ResTime" : 674.0,
    "throughput" : 0.5317734645041213,
    "receivedKBytesPerSec" : 1.179353064344589,
    "sentKBytesPerSec" : 0.13813646636532836
  },
  "Interconnection Map" : {
    "transaction" : "Interconnection Map",
    "sampleCount" : 6,
    "errorCount" : 0,
    "errorPct" : 0.0,
    "meanResTime" : 72141.0,
    "medianResTime" : 72994.0,
    "minResTime" : 69418.0,
    "maxResTime" : 74011.0,
    "pct1ResTime" : 74011.0,
    "pct2ResTime" : 74011.0,
    "pct3ResTime" : 74011.0,
    "throughput" : 0.027658309247555697,
    "receivedKBytesPerSec" : 3.0638330008574077,
    "sentKBytesPerSec" : 0.06285242736236533
  }
}