{
  "Enhanced Entity Search" : {
    "transaction" : "Enhanced Entity Search",
    "sampleCount" : 40,
    "errorCount" : 0,
    "errorPct" : 0.0,
    "meanResTime" : 3217.6999999999994,
    "medianResTime" : 530.5,
    "minResTime" : 93.0,
    "maxResTime" : 8344.0,
    "pct1ResTime" : 8320.3,
    "pct2ResTime" : 8344.0,
    "pct3ResTime" : 8344.0,
    "throughput" : 2.79935614808594,
    "receivedKBytesPerSec" : 76.04653273497095,
    "sentKBytesPerSec" : 5.549504863881308
  },
  "Basic Entity Search" : {
    "transaction" : "Basic Entity Search",
    "sampleCount" : 40,
    "errorCount" : 0,
    "errorPct" : 0.0,
    "meanResTime" : 6898.0,
    "medianResTime" : 6628.0,
    "minResTime" : 4322.0,
    "maxResTime" : 10602.0,
    "pct1ResTime" : 10368.499999999996,
    "pct2ResTime" : 10602.0,
    "pct3ResTime" : 10602.0,
    "throughput" : 2.2722108611679164,
    "receivedKBytesPerSec" : 23.450148048738924,
    "sentKBytesPerSec" : 4.449006617814133
  },
  "Radial Map" : {
    "transaction" : "Radial Map",
    "sampleCount" : 40,
    "errorCount" : 0,
    "errorPct" : 0.0,
    "meanResTime" : 60836.30000000002,
    "medianResTime" : 70493.0,
    "minResTime" : 16036.0,
    "maxResTime" : 100323.0,
    "pct1ResTime" : 99785.2,
    "pct2ResTime" : 100323.0,
    "pct3ResTime" : 100323.0,
    "throughput" : 0.35240427818793724,
    "receivedKBytesPerSec" : 55.395646760964176,
    "sentKBytesPerSec" : 0.7158211900692475
  },
  "EPR" : {
    "transaction" : "EPR",
    "sampleCount" : 40,
    "errorCount" : 40,
    "errorPct" : 100.0,
    "meanResTime" : 109070.20000000001,
    "medianResTime" : 180091.5,
    "minResTime" : 210.0,
    "maxResTime" : 180144.0,
    "pct1ResTime" : 180142.6,
    "pct2ResTime" : 180144.0,
    "pct3ResTime" : 180144.0,
    "throughput" : 0.12471238206885371,
    "receivedKBytesPerSec" : 0.25931406630957354,
    "sentKBytesPerSec" : 0.09592135948967694
  },
  "Total" : {
    "transaction" : "Total",
    "sampleCount" : 162,
    "errorCount" : 64,
    "errorPct" : 39.506172,
    "meanResTime" : 97470.50617283946,
    "medianResTime" : 100323.0,
    "minResTime" : 93.0,
    "maxResTime" : 180213.0,
    "pct1ResTime" : 180117.6,
    "pct2ResTime" : 180141.9,
    "pct3ResTime" : 180213.0,
    "throughput" : 0.1904011941210693,
    "receivedKBytesPerSec" : 6.511581270164015,
    "sentKBytesPerSec" : 0.2457764835426375
  },
  "LBO Map" : {
    "transaction" : "LBO Map",
    "sampleCount" : 40,
    "errorCount" : 28,
    "errorPct" : 70.0,
    "meanResTime" : 174190.10000000006,
    "medianResTime" : 180090.5,
    "minResTime" : 139820.0,
    "maxResTime" : 180165.0,
    "pct1ResTime" : 180161.2,
    "pct2ResTime" : 180165.0,
    "pct3ResTime" : 180165.0,
    "throughput" : 0.13524890871036782,
    "receivedKBytesPerSec" : 9.551584356434974,
    "sentKBytesPerSec" : 0.08241730374538041
  },
  "Token" : {
    "transaction" : "Token",
    "sampleCount" : 4,
    "errorCount" : 0,
    "errorPct" : 0.0,
    "meanResTime" : 339.0,
    "medianResTime" : 339.0,
    "minResTime" : 339.0,
    "maxResTime" : 339.0,
    "pct1ResTime" : 339.0,
    "pct2ResTime" : 339.0,
    "pct3ResTime" : 339.0,
    "throughput" : 4.237288135593221,
    "receivedKBytesPerSec" : 9.397345074152543,
    "sentKBytesPerSec" : 1.1007018008474576
  },
  "FPR - 5 Year" : {
    "transaction" : "FPR - 5 Year",
    "sampleCount" : 40,
    "errorCount" : 20,
    "errorPct" : 50.0,
    "meanResTime" : 151291.99999999994,
    "medianResTime" : 177088.0,
    "minResTime" : 81557.0,
    "maxResTime" : 180102.0,
    "pct1ResTime" : 180095.2,
    "pct2ResTime" : 180102.0,
    "pct3ResTime" : 180102.0,
    "throughput" : 0.11767474699929395,
    "receivedKBytesPerSec" : 0.36532033272534714,
    "sentKBytesPerSec" : 0.1175023718816192
  },
  "Interconnection Map" : {
    "transaction" : "Interconnection Map",
    "sampleCount" : 40,
    "errorCount" : 0,
    "errorPct" : 0.0,
    "meanResTime" : 103859.10000000003,
    "medianResTime" : 102983.5,
    "minResTime" : 88792.0,
    "maxResTime" : 125853.0,
    "pct1ResTime" : 124770.59999999998,
    "pct2ResTime" : 125853.0,
    "pct3ResTime" : 125853.0,
    "throughput" : 0.17943576423934934,
    "receivedKBytesPerSec" : 0.573703800898076,
    "sentKBytesPerSec" : 0.3734156382754429
  },
  "Investee Companies Map" : {
    "transaction" : "Investee Companies Map",
    "sampleCount" : 40,
    "errorCount" : 40,
    "errorPct" : 100.0,
    "meanResTime" : 180113.80000000005,
    "medianResTime" : 180100.0,
    "minResTime" : 180070.0,
    "maxResTime" : 180213.0,
    "pct1ResTime" : 180207.7,
    "pct2ResTime" : 180213.0,
    "pct3ResTime" : 180213.0,
    "throughput" : 0.11904301321675055,
    "receivedKBytesPerSec" : 0.37014936922083375,
    "sentKBytesPerSec" : 0.0
  }
}