{
  "Enhanced Entity Search" : {
    "transaction" : "Enhanced Entity Search",
    "sampleCount" : 40,
    "errorCount" : 0,
    "errorPct" : 0.0,
    "meanResTime" : 2401.7000000000003,
    "medianResTime" : 2240.5,
    "minResTime" : 346.0,
    "maxResTime" : 5531.0,
    "pct1ResTime" : 5367.099999999998,
    "pct2ResTime" : 5531.0,
    "pct3ResTime" : 5531.0,
    "throughput" : 3.3619095646327115,
    "receivedKBytesPerSec" : 16.382742897966047,
    "sentKBytesPerSec" : 6.956920280719449
  },
  "Radial Map" : {
    "transaction" : "Radial Map",
    "sampleCount" : 40,
    "errorCount" : 0,
    "errorPct" : 0.0,
    "meanResTime" : 163213.99999999994,
    "medianResTime" : 163444.5,
    "minResTime" : 154094.0,
    "maxResTime" : 171646.0,
    "pct1ResTime" : 171122.19999999998,
    "pct2ResTime" : 171646.0,
    "pct3ResTime" : 171646.0,
    "throughput" : 0.22129034399583974,
    "receivedKBytesPerSec" : 225.40755457573107,
    "sentKBytesPerSec" : 0.47629288883479565
  },
  "EPR" : {
    "transaction" : "EPR",
    "sampleCount" : 40,
    "errorCount" : 0,
    "errorPct" : 0.0,
    "meanResTime" : 63531.99999999999,
    "medianResTime" : 57973.0,
    "minResTime" : 34661.0,
    "maxResTime" : 131324.0,
    "pct1ResTime" : 128156.09999999995,
    "pct2ResTime" : 131324.0,
    "pct3ResTime" : 131324.0,
    "throughput" : 0.23811082868521152,
    "receivedKBytesPerSec" : 88.05445408627946,
    "sentKBytesPerSec" : 0.46738551333718276
  },
  "Total" : {
    "transaction" : "Total",
    "sampleCount" : 122,
    "errorCount" : 50,
    "errorPct" : 40.98361,
    "meanResTime" : 122154.11475409837,
    "medianResTime" : 162354.0,
    "minResTime" : 346.0,
    "maxResTime" : 180183.0,
    "pct1ResTime" : 180115.4,
    "pct2ResTime" : 180135.35,
    "pct3ResTime" : 180183.0,
    "throughput" : 0.15652785297672353,
    "receivedKBytesPerSec" : 36.01281800333327,
    "sentKBytesPerSec" : 0.18761841829246076
  },
  "LBO Map" : {
    "transaction" : "LBO Map",
    "sampleCount" : 40,
    "errorCount" : 40,
    "errorPct" : 100.0,
    "meanResTime" : 180098.5,
    "medianResTime" : 180097.5,
    "minResTime" : 180077.0,
    "maxResTime" : 180126.0,
    "pct1ResTime" : 180124.8,
    "pct2ResTime" : 180126.0,
    "pct3ResTime" : 180126.0,
    "throughput" : 0.13745940651901237,
    "receivedKBytesPerSec" : 0.42741284214505404,
    "sentKBytesPerSec" : 0.0
  },
  "Token" : {
    "transaction" : "Token",
    "sampleCount" : 4,
    "errorCount" : 0,
    "errorPct" : 0.0,
    "meanResTime" : 864.0,
    "medianResTime" : 864.0,
    "minResTime" : 864.0,
    "maxResTime" : 864.0,
    "pct1ResTime" : 864.0,
    "pct2ResTime" : 864.0,
    "pct3ResTime" : 864.0,
    "throughput" : 2.7548209366391188,
    "receivedKBytesPerSec" : 6.109568698347108,
    "sentKBytesPerSec" : 0.715607782369146
  },
  "Interconnection Map" : {
    "transaction" : "Interconnection Map",
    "sampleCount" : 40,
    "errorCount" : 20,
    "errorPct" : 50.0,
    "meanResTime" : 155692.60000000003,
    "medianResTime" : 171216.5,
    "minResTime" : 83523.0,
    "maxResTime" : 180123.0,
    "pct1ResTime" : 180120.0,
    "pct2ResTime" : 180123.0,
    "pct3ResTime" : 180123.0,
    "throughput" : 0.20424523725637372,
    "receivedKBytesPerSec" : 0.7600356216459103,
    "sentKBytesPerSec" : 0.2248891650454701
  },
  "Investee Companies Map" : {
    "transaction" : "Investee Companies Map",
    "sampleCount" : 40,
    "errorCount" : 40,
    "errorPct" : 100.0,
    "meanResTime" : 180114.90000000002,
    "medianResTime" : 180105.0,
    "minResTime" : 180087.0,
    "maxResTime" : 180183.0,
    "pct1ResTime" : 180178.6,
    "pct2ResTime" : 180183.0,
    "pct3ResTime" : 180183.0,
    "throughput" : 0.13747310682347766,
    "receivedKBytesPerSec" : 0.4274554415292508,
    "sentKBytesPerSec" : 0.0
  }
}