{
  "Enhanced Entity Search" : {
    "transaction" : "Enhanced Entity Search",
    "sampleCount" : 6,
    "errorCount" : 4,
    "errorPct" : 66.666664,
    "meanResTime" : 164.99999999999997,
    "medianResTime" : 1.0,
    "minResTime" : 0.0,
    "maxResTime" : 494.0,
    "pct1ResTime" : 494.0,
    "pct2ResTime" : 494.0,
    "pct3ResTime" : 494.0,
    "throughput" : 0.07283409606817272,
    "receivedKBytesPerSec" : 0.3514387389383216,
    "sentKBytesPerSec" : 0.05007344104686874
  },
  "Radial Map" : {
    "transaction" : "Radial Map",
    "sampleCount" : 6,
    "errorCount" : 4,
    "errorPct" : 66.666664,
    "meanResTime" : 7800.666666666666,
    "medianResTime" : 1.0,
    "minResTime" : 0.0,
    "maxResTime" : 23401.0,
    "pct1ResTime" : 23401.0,
    "pct2ResTime" : 23401.0,
    "pct3ResTime" : 23401.0,
    "throughput" : 0.07331736644019747,
    "receivedKBytesPerSec" : 32.22641930201867,
    "sentKBytesPerSec" : 0.05243432749645633
  },
  "EPR" : {
    "transaction" : "EPR",
    "sampleCount" : 6,
    "errorCount" : 6,
    "errorPct" : 100.0,
    "meanResTime" : 0.6666666666666667,
    "medianResTime" : 1.0,
    "minResTime" : 0.0,
    "maxResTime" : 1.0,
    "pct1ResTime" : 1.0,
    "pct2ResTime" : 1.0,
    "pct3ResTime" : 1.0,
    "throughput" : 95.23809523809523,
    "receivedKBytesPerSec" : 202.00892857142858,
    "sentKBytesPerSec" : 0.0
  },
  "Total" : {
    "transaction" : "Total",
    "sampleCount" : 19,
    "errorCount" : 14,
    "errorPct" : 73.68421,
    "meanResTime" : 4367.894736842105,
    "medianResTime" : 1.0,
    "minResTime" : 0.0,
    "maxResTime" : 33431.0,
    "pct1ResTime" : 23401.0,
    "pct2ResTime" : 33431.0,
    "pct3ResTime" : 33431.0,
    "throughput" : 0.22611510448897987,
    "receivedKBytesPerSec" : 24.53117608490622,
    "sentKBytesPerSec" : 0.10474791512948065
  },
  "LBO Map" : {
    "transaction" : "LBO Map",
    "sampleCount" : 6,
    "errorCount" : 4,
    "errorPct" : 66.666664,
    "meanResTime" : 11144.333333333334,
    "medianResTime" : 1.0,
    "minResTime" : 1.0,
    "maxResTime" : 33431.0,
    "pct1ResTime" : 33431.0,
    "pct2ResTime" : 33431.0,
    "pct3ResTime" : 33431.0,
    "throughput" : 0.1344176355937899,
    "receivedKBytesPerSec" : 29.360539602795885,
    "sentKBytesPerSec" : 0.09613136243475144
  },
  "Token" : {
    "transaction" : "Token",
    "sampleCount" : 2,
    "errorCount" : 0,
    "errorPct" : 0.0,
    "meanResTime" : 799.0,
    "medianResTime" : 799.0,
    "minResTime" : 799.0,
    "maxResTime" : 799.0,
    "pct1ResTime" : 799.0,
    "pct2ResTime" : 799.0,
    "pct3ResTime" : 799.0,
    "throughput" : 0.5027652086475616,
    "receivedKBytesPerSec" : 1.1150193250377074,
    "sentKBytesPerSec" : 0.12716424710910004
  },
  "Interconnection Map" : {
    "transaction" : "Interconnection Map",
    "sampleCount" : 6,
    "errorCount" : 4,
    "errorPct" : 66.666664,
    "meanResTime" : 4584.999999999999,
    "medianResTime" : 1.0,
    "minResTime" : 0.0,
    "maxResTime" : 13754.0,
    "pct1ResTime" : 13754.0,
    "pct2ResTime" : 13754.0,
    "pct3ResTime" : 13754.0,
    "throughput" : 0.10271861946175444,
    "receivedKBytesPerSec" : 1.972384741149079,
    "sentKBytesPerSec" : 0.0751664897623776
  },
  "Investee Companies Map" : {
    "transaction" : "Investee Companies Map",
    "sampleCount" : 6,
    "errorCount" : 6,
    "errorPct" : 100.0,
    "meanResTime" : 3701.3333333333335,
    "medianResTime" : 1.0,
    "minResTime" : 0.0,
    "maxResTime" : 11103.0,
    "pct1ResTime" : 11103.0,
    "pct2ResTime" : 11103.0,
    "pct3ResTime" : 11103.0,
    "throughput" : 0.5359535506922732,
    "receivedKBytesPerSec" : 1.2004871036176865,
    "sentKBytesPerSec" : 0.0
  }
}