{
  "Total" : {
    "transaction" : "Total",
    "sampleCount" : 14,
    "errorCount" : 0,
    "errorPct" : 0.0,
    "meanResTime" : 7409.999999999999,
    "medianResTime" : 4785.0,
    "minResTime" : 1497.0,
    "maxResTime" : 23493.0,
    "pct1ResTime" : 23493.0,
    "pct2ResTime" : 23493.0,
    "pct3ResTime" : 23493.0,
    "throughput" : 0.2658564375237372,
    "receivedKBytesPerSec" : 122.70884269369542,
    "sentKBytesPerSec" : 0.500335287694645
  },
  "LBO Map" : {
    "transaction" : "LBO Map",
    "sampleCount" : 12,
    "errorCount" : 0,
    "errorPct" : 0.0,
    "meanResTime" : 12023.666666666666,
    "medianResTime" : 6440.0,
    "minResTime" : 6138.0,
    "maxResTime" : 23493.0,
    "pct1ResTime" : 23493.0,
    "pct2ResTime" : 23493.0,
    "pct3ResTime" : 23493.0,
    "throughput" : 0.2594145877469843,
    "receivedKBytesPerSec" : 145.85433195339183,
    "sentKBytesPerSec" : 0.5583493665960482
  },
  "Token" : {
    "transaction" : "Token",
    "sampleCount" : 4,
    "errorCount" : 0,
    "errorPct" : 0.0,
    "meanResTime" : 1497.0,
    "medianResTime" : 1497.0,
    "minResTime" : 1497.0,
    "maxResTime" : 1497.0,
    "pct1ResTime" : 1497.0,
    "pct2ResTime" : 1497.0,
    "pct3ResTime" : 1497.0,
    "throughput" : 0.83108248493663,
    "receivedKBytesPerSec" : 1.8431526594639518,
    "sentKBytesPerSec" : 0.2158866611261168
  },
  "Investee Companies Map" : {
    "transaction" : "Investee Companies Map",
    "sampleCount" : 12,
    "errorCount" : 0,
    "errorPct" : 0.0,
    "meanResTime" : 4767.333333333334,
    "medianResTime" : 4763.0,
    "minResTime" : 4754.0,
    "maxResTime" : 4785.0,
    "pct1ResTime" : 4785.0,
    "pct2ResTime" : 4785.0,
    "pct3ResTime" : 4785.0,
    "throughput" : 0.44601375209068944,
    "receivedKBytesPerSec" : 229.2471485318714,
    "sentKBytesPerSec" : 0.9599749117264449
  }
}