{
  "Enhanced Entity Search" : {
    "transaction" : "Enhanced Entity Search",
    "sampleCount" : 120,
    "errorCount" : 0,
    "errorPct" : 0.0,
    "meanResTime" : 2499.6999999999994,
    "medianResTime" : 1710.5,
    "minResTime" : 269.0,
    "maxResTime" : 10179.0,
    "pct1ResTime" : 5584.900000000001,
    "pct2ResTime" : 5798.0,
    "pct3ResTime" : 10179.0,
    "throughput" : 0.3244751614263928,
    "receivedKBytesPerSec" : 1.1160171079528862,
    "sentKBytesPerSec" : 0.674616815114053
  },
  "Radial Map" : {
    "transaction" : "Radial Map",
    "sampleCount" : 120,
    "errorCount" : 0,
    "errorPct" : 0.0,
    "meanResTime" : 102801.53333333337,
    "medianResTime" : 99466.0,
    "minResTime" : 65958.0,
    "maxResTime" : 156813.0,
    "pct1ResTime" : 119454.6,
    "pct2ResTime" : 146537.0,
    "pct3ResTime" : 156813.0,
    "throughput" : 0.27604736972864546,
    "receivedKBytesPerSec" : 631.7960400285939,
    "sentKBytesPerSec" : 0.5941488309393892
  },
  "EPR" : {
    "transaction" : "EPR",
    "sampleCount" : 120,
    "errorCount" : 0,
    "errorPct" : 0.0,
    "meanResTime" : 17425.53333333334,
    "medianResTime" : 15325.0,
    "minResTime" : 4172.0,
    "maxResTime" : 43042.0,
    "pct1ResTime" : 37486.20000000003,
    "pct2ResTime" : 43017.0,
    "pct3ResTime" : 43042.0,
    "throughput" : 0.36680533946305816,
    "receivedKBytesPerSec" : 66.1789906892578,
    "sentKBytesPerSec" : 0.7199987620319793
  },
  "Total" : {
    "transaction" : "Total",
    "sampleCount" : 242,
    "errorCount" : 0,
    "errorPct" : 0.0,
    "meanResTime" : 33442.34710743803,
    "medianResTime" : 12046.0,
    "minResTime" : 269.0,
    "maxResTime" : 156813.0,
    "pct1ResTime" : 110555.00000000006,
    "pct2ResTime" : 118728.95,
    "pct3ResTime" : 152394.31999999992,
    "throughput" : 0.5417518284124209,
    "receivedKBytesPerSec" : 333.2563828635166,
    "sentKBytesPerSec" : 1.128967366727931
  },
  "Token" : {
    "transaction" : "Token",
    "sampleCount" : 4,
    "errorCount" : 0,
    "errorPct" : 0.0,
    "meanResTime" : 776.0,
    "medianResTime" : 776.0,
    "minResTime" : 776.0,
    "maxResTime" : 776.0,
    "pct1ResTime" : 776.0,
    "pct2ResTime" : 776.0,
    "pct3ResTime" : 776.0,
    "throughput" : 1.0211896859841716,
    "receivedKBytesPerSec" : 2.2647673602246616,
    "sentKBytesPerSec" : 0.2652699770232321
  },
  "Interconnection Map" : {
    "transaction" : "Interconnection Map",
    "sampleCount" : 120,
    "errorCount" : 0,
    "errorPct" : 0.0,
    "meanResTime" : 12131.5,
    "medianResTime" : 11169.5,
    "minResTime" : 4689.0,
    "maxResTime" : 21405.0,
    "pct1ResTime" : 19762.100000000006,
    "pct2ResTime" : 20297.0,
    "pct3ResTime" : 21405.0,
    "throughput" : 0.36227727495033785,
    "receivedKBytesPerSec" : 3.0545917889855634,
    "sentKBytesPerSec" : 0.7977883349736443
  }
}