{
  "Enhanced Entity Search" : {
    "transaction" : "Enhanced Entity Search",
    "sampleCount" : 40,
    "errorCount" : 0,
    "errorPct" : 0.0,
    "meanResTime" : 2472.0999999999995,
    "medianResTime" : 2370.5,
    "minResTime" : 479.0,
    "maxResTime" : 4428.0,
    "pct1ResTime" : 4405.5,
    "pct2ResTime" : 4428.0,
    "pct3ResTime" : 4428.0,
    "throughput" : 2.6932399676811203,
    "receivedKBytesPerSec" : 41.048238452733635,
    "sentKBytesPerSec" : 5.302316186372206
  },
  "Basic Entity Search" : {
    "transaction" : "Basic Entity Search",
    "sampleCount" : 40,
    "errorCount" : 0,
    "errorPct" : 0.0,
    "meanResTime" : 2241.8999999999996,
    "medianResTime" : 1588.0,
    "minResTime" : 349.0,
    "maxResTime" : 5339.0,
    "pct1ResTime" : 5256.299999999999,
    "pct2ResTime" : 5339.0,
    "pct3ResTime" : 5339.0,
    "throughput" : 2.786097374103225,
    "receivedKBytesPerSec" : 8.350129727658983,
    "sentKBytesPerSec" : 5.26746534791391
  },
  "Radial Map" : {
    "transaction" : "Radial Map",
    "sampleCount" : 40,
    "errorCount" : 40,
    "errorPct" : 100.0,
    "meanResTime" : 148865.09999999998,
    "medianResTime" : 148613.0,
    "minResTime" : 142707.0,
    "maxResTime" : 156939.0,
    "pct1ResTime" : 156870.4,
    "pct2ResTime" : 156939.0,
    "pct3ResTime" : 156939.0,
    "throughput" : 0.2548744743213967,
    "receivedKBytesPerSec" : 0.1712437874346884,
    "sentKBytesPerSec" : 0.5177137759653371
  },
  "EPR" : {
    "transaction" : "EPR",
    "sampleCount" : 40,
    "errorCount" : 40,
    "errorPct" : 100.0,
    "meanResTime" : 24.400000000000006,
    "medianResTime" : 20.5,
    "minResTime" : 20.0,
    "maxResTime" : 45.0,
    "pct1ResTime" : 43.69999999999998,
    "pct2ResTime" : 45.0,
    "pct3ResTime" : 45.0,
    "throughput" : 588.2352941176471,
    "receivedKBytesPerSec" : 395.2205882352941,
    "sentKBytesPerSec" : 1131.0891544117646
  },
  "Total" : {
    "transaction" : "Total",
    "sampleCount" : 102,
    "errorCount" : 60,
    "errorPct" : 58.82353,
    "meanResTime" : 30152.803921568633,
    "medianResTime" : 1021.0,
    "minResTime" : 20.0,
    "maxResTime" : 156939.0,
    "pct1ResTime" : 149043.4,
    "pct2ResTime" : 153239.0,
    "pct3ResTime" : 156939.0,
    "throughput" : 0.6426208851787683,
    "receivedKBytesPerSec" : 2.5800199834619626,
    "sentKBytesPerSec" : 1.2500246101748307
  },
  "Token" : {
    "transaction" : "Token",
    "sampleCount" : 4,
    "errorCount" : 0,
    "errorPct" : 0.0,
    "meanResTime" : 423.0,
    "medianResTime" : 423.0,
    "minResTime" : 423.0,
    "maxResTime" : 423.0,
    "pct1ResTime" : 423.0,
    "pct2ResTime" : 423.0,
    "pct3ResTime" : 423.0,
    "throughput" : 3.8797284190106693,
    "receivedKBytesPerSec" : 8.604358632395734,
    "sentKBytesPerSec" : 1.0078200775945685
  },
  "Interconnection Map" : {
    "transaction" : "Interconnection Map",
    "sampleCount" : 40,
    "errorCount" : 40,
    "errorPct" : 100.0,
    "meanResTime" : 133.49999999999997,
    "medianResTime" : 144.0,
    "minResTime" : 97.0,
    "maxResTime" : 146.0,
    "pct1ResTime" : 146.0,
    "pct2ResTime" : 146.0,
    "pct3ResTime" : 146.0,
    "throughput" : 272.108843537415,
    "receivedKBytesPerSec" : 182.8231292517007,
    "sentKBytesPerSec" : 566.2733843537416
  }
}