{
  "Total" : {
    "transaction" : "Total",
    "sampleCount" : 14,
    "errorCount" : 0,
    "errorPct" : 0.0,
    "meanResTime" : 30365.714285714283,
    "medianResTime" : 29924.0,
    "minResTime" : 985.0,
    "maxResTime" : 46808.0,
    "pct1ResTime" : 46808.0,
    "pct2ResTime" : 46808.0,
    "pct3ResTime" : 46808.0,
    "throughput" : 0.06552834569010708,
    "receivedKBytesPerSec" : 36.281183740311164,
    "sentKBytesPerSec" : 0.12287478995824909
  },
  "LBO Map" : {
    "transaction" : "LBO Map",
    "sampleCount" : 12,
    "errorCount" : 0,
    "errorPct" : 0.0,
    "meanResTime" : 40391.666666666664,
    "medianResTime" : 45563.0,
    "minResTime" : 29924.0,
    "maxResTime" : 45688.0,
    "pct1ResTime" : 45688.0,
    "pct2ResTime" : 45688.0,
    "pct3ResTime" : 45688.0,
    "throughput" : 0.06306926582118812,
    "receivedKBytesPerSec" : 43.70478393520684,
    "sentKBytesPerSec" : 0.13531560254799835
  },
  "Token" : {
    "transaction" : "Token",
    "sampleCount" : 4,
    "errorCount" : 0,
    "errorPct" : 0.0,
    "meanResTime" : 985.0,
    "medianResTime" : 985.0,
    "minResTime" : 985.0,
    "maxResTime" : 985.0,
    "pct1ResTime" : 985.0,
    "pct2ResTime" : 985.0,
    "pct3ResTime" : 985.0,
    "throughput" : 0.9328358208955224,
    "receivedKBytesPerSec" : 2.0688185051305967,
    "sentKBytesPerSec" : 0.23594187266791045
  },
  "Investee Companies Map" : {
    "transaction" : "Investee Companies Map",
    "sampleCount" : 12,
    "errorCount" : 0,
    "errorPct" : 0.0,
    "meanResTime" : 30133.333333333336,
    "medianResTime" : 22299.0,
    "minResTime" : 21293.0,
    "maxResTime" : 46808.0,
    "pct1ResTime" : 46808.0,
    "pct2ResTime" : 46808.0,
    "pct3ResTime" : 46808.0,
    "throughput" : 0.07227217701865225,
    "receivedKBytesPerSec" : 43.23294809502587,
    "sentKBytesPerSec" : 0.15506052041990137
  }
}