{
  "Enhanced Entity Search" : {
    "transaction" : "Enhanced Entity Search",
    "sampleCount" : 6,
    "errorCount" : 0,
    "errorPct" : 0.0,
    "meanResTime" : 425.6666666666667,
    "medianResTime" : 454.0,
    "minResTime" : 355.0,
    "maxResTime" : 468.0,
    "pct1ResTime" : 468.0,
    "pct2ResTime" : 468.0,
    "pct3ResTime" : 468.0,
    "throughput" : 0.01679797080512674,
    "receivedKBytesPerSec" : 0.1719003281903546,
    "sentKBytesPerSec" : 0.0346458147855739
  },
  "Radial Map" : {
    "transaction" : "Radial Map",
    "sampleCount" : 6,
    "errorCount" : 0,
    "errorPct" : 0.0,
    "meanResTime" : 11796.666666666668,
    "medianResTime" : 12198.0,
    "minResTime" : 9612.0,
    "maxResTime" : 13580.0,
    "pct1ResTime" : 13580.0,
    "pct2ResTime" : 13580.0,
    "pct3ResTime" : 13580.0,
    "throughput" : 0.01638001638001638,
    "receivedKBytesPerSec" : 21.529867936117935,
    "sentKBytesPerSec" : 0.03514345311220311
  },
  "EPR" : {
    "transaction" : "EPR",
    "sampleCount" : 6,
    "errorCount" : 0,
    "errorPct" : 0.0,
    "meanResTime" : 113652.33333333333,
    "medianResTime" : 90908.0,
    "minResTime" : 76422.0,
    "maxResTime" : 173627.0,
    "pct1ResTime" : 173627.0,
    "pct2ResTime" : 173627.0,
    "pct3ResTime" : 173627.0,
    "throughput" : 0.014194900718498557,
    "receivedKBytesPerSec" : 4.2001519076172205,
    "sentKBytesPerSec" : 0.027766002089016223
  },
  "Total" : {
    "transaction" : "Total",
    "sampleCount" : 19,
    "errorCount" : 0,
    "errorPct" : 0.0,
    "meanResTime" : 24734.78947368421,
    "medianResTime" : 10081.0,
    "minResTime" : 355.0,
    "maxResTime" : 173627.0,
    "pct1ResTime" : 90908.0,
    "pct2ResTime" : 173627.0,
    "pct3ResTime" : 173627.0,
    "throughput" : 0.04037236065692205,
    "receivedKBytesPerSec" : 18.669616754078138,
    "sentKBytesPerSec" : 0.08117840878183838
  },
  "LBO Map" : {
    "transaction" : "LBO Map",
    "sampleCount" : 6,
    "errorCount" : 0,
    "errorPct" : 0.0,
    "meanResTime" : 13977.333333333334,
    "medianResTime" : 13903.0,
    "minResTime" : 11734.0,
    "maxResTime" : 16295.0,
    "pct1ResTime" : 16295.0,
    "pct2ResTime" : 16295.0,
    "pct3ResTime" : 16295.0,
    "throughput" : 0.016561775422325273,
    "receivedKBytesPerSec" : 10.78239509150381,
    "sentKBytesPerSec" : 0.035533418557469366
  },
  "Token" : {
    "transaction" : "Token",
    "sampleCount" : 2,
    "errorCount" : 0,
    "errorPct" : 0.0,
    "meanResTime" : 732.0,
    "medianResTime" : 732.0,
    "minResTime" : 732.0,
    "maxResTime" : 732.0,
    "pct1ResTime" : 732.0,
    "pct2ResTime" : 732.0,
    "pct3ResTime" : 732.0,
    "throughput" : 0.5215123859191656,
    "receivedKBytesPerSec" : 1.1565963168187745,
    "sentKBytesPerSec" : 0.13190596479791394
  },
  "Interconnection Map" : {
    "transaction" : "Interconnection Map",
    "sampleCount" : 6,
    "errorCount" : 0,
    "errorPct" : 0.0,
    "meanResTime" : 6692.333333333334,
    "medianResTime" : 6593.0,
    "minResTime" : 5665.0,
    "maxResTime" : 7819.0,
    "pct1ResTime" : 7819.0,
    "pct2ResTime" : 7819.0,
    "pct3ResTime" : 7819.0,
    "throughput" : 0.016742192557537335,
    "receivedKBytesPerSec" : 0.8934183301895217,
    "sentKBytesPerSec" : 0.03675434459896868
  },
  "Investee Companies Map" : {
    "transaction" : "Investee Companies Map",
    "sampleCount" : 6,
    "errorCount" : 0,
    "errorPct" : 0.0,
    "meanResTime" : 9865.333333333334,
    "medianResTime" : 10081.0,
    "minResTime" : 8709.0,
    "maxResTime" : 10806.0,
    "pct1ResTime" : 10806.0,
    "pct2ResTime" : 10806.0,
    "pct3ResTime" : 10806.0,
    "throughput" : 0.016802910264057735,
    "receivedKBytesPerSec" : 10.133697343879959,
    "sentKBytesPerSec" : 0.036050775244272304
  }
}