{
  "Enhanced Entity Search" : {
    "transaction" : "Enhanced Entity Search",
    "sampleCount" : 60,
    "errorCount" : 0,
    "errorPct" : 0.0,
    "meanResTime" : 1173.333333333333,
    "medianResTime" : 287.0,
    "minResTime" : 204.0,
    "maxResTime" : 14797.0,
    "pct1ResTime" : 1829.6999999999982,
    "pct2ResTime" : 9579.0,
    "pct3ResTime" : 14797.0,
    "throughput" : 0.07992263488942704,
    "receivedKBytesPerSec" : 0.4607258923362185,
    "sentKBytesPerSec" : 0.16999169803630085
  },
  "Radial Map" : {
    "transaction" : "Radial Map",
    "sampleCount" : 60,
    "errorCount" : 4,
    "errorPct" : 6.6666665,
    "meanResTime" : 73399.69999999998,
    "medianResTime" : 51923.5,
    "minResTime" : 18229.0,
    "maxResTime" : 319197.0,
    "pct1ResTime" : 185811.8,
    "pct2ResTime" : 240125.0,
    "pct3ResTime" : 319197.0,
    "throughput" : 0.07599101786168874,
    "receivedKBytesPerSec" : 32.98568728967903,
    "sentKBytesPerSec" : 0.16111975772796988
  },
  "EPR" : {
    "transaction" : "EPR",
    "sampleCount" : 60,
    "errorCount" : 18,
    "errorPct" : 30.0,
    "meanResTime" : 175476.03333333335,
    "medianResTime" : 156148.5,
    "minResTime" : 79690.0,
    "maxResTime" : 319298.0,
    "pct1ResTime" : 319278.6,
    "pct2ResTime" : 319286.0,
    "pct3ResTime" : 319298.0,
    "throughput" : 0.0677892567585889,
    "receivedKBytesPerSec" : 3.4438840179483354,
    "sentKBytesPerSec" : 0.10862169188427018
  },
  "Total" : {
    "transaction" : "Total",
    "sampleCount" : 121,
    "errorCount" : 11,
    "errorPct" : 9.090909,
    "meanResTime" : 76777.3305785124,
    "medianResTime" : 53234.0,
    "minResTime" : 204.0,
    "maxResTime" : 319298.0,
    "pct1ResTime" : 185730.6,
    "pct2ResTime" : 319252.8,
    "pct3ResTime" : 319295.36,
    "throughput" : 0.1232383786718162,
    "receivedKBytesPerSec" : 17.634949088099653,
    "sentKBytesPerSec" : 0.2475300683183665
  },
  "Token" : {
    "transaction" : "Token",
    "sampleCount" : 2,
    "errorCount" : 0,
    "errorPct" : 0.0,
    "meanResTime" : 693.0,
    "medianResTime" : 693.0,
    "minResTime" : 693.0,
    "maxResTime" : 693.0,
    "pct1ResTime" : 693.0,
    "pct2ResTime" : 693.0,
    "pct3ResTime" : 693.0,
    "throughput" : 0.5223295899712719,
    "receivedKBytesPerSec" : 1.158408690258553,
    "sentKBytesPerSec" : 0.13211265996343693
  },
  "Interconnection Map" : {
    "transaction" : "Interconnection Map",
    "sampleCount" : 60,
    "errorCount" : 0,
    "errorPct" : 0.0,
    "meanResTime" : 59596.399999999994,
    "medianResTime" : 58355.0,
    "minResTime" : 23426.0,
    "maxResTime" : 109060.0,
    "pct1ResTime" : 94349.0,
    "pct2ResTime" : 98033.0,
    "pct3ResTime" : 109060.0,
    "throughput" : 0.06815223391664073,
    "receivedKBytesPerSec" : 5.891077324956667,
    "sentKBytesPerSec" : 0.1528766419009021
  }
}