{
  "Enhanced Entity Search" : {
    "transaction" : "Enhanced Entity Search",
    "sampleCount" : 12,
    "errorCount" : 0,
    "errorPct" : 0.0,
    "meanResTime" : 16705.333333333332,
    "medianResTime" : 16562.0,
    "minResTime" : 16545.0,
    "maxResTime" : 17009.0,
    "pct1ResTime" : 17009.0,
    "pct2ResTime" : 17009.0,
    "pct3ResTime" : 17009.0,
    "throughput" : 0.03303600925008259,
    "receivedKBytesPerSec" : 0.16140542409976874,
    "sentKBytesPerSec" : 0.06845938635612818
  },
  "Radial Map" : {
    "transaction" : "Radial Map",
    "sampleCount" : 12,
    "errorCount" : 0,
    "errorPct" : 0.0,
    "meanResTime" : 34965.666666666664,
    "medianResTime" : 32155.0,
    "minResTime" : 24204.0,
    "maxResTime" : 48538.0,
    "pct1ResTime" : 48538.0,
    "pct2ResTime" : 48538.0,
    "pct3ResTime" : 48538.0,
    "throughput" : 0.03239434718641597,
    "receivedKBytesPerSec" : 87.79051571125838,
    "sentKBytesPerSec" : 0.06950232496929286
  },
  "EPR" : {
    "transaction" : "EPR",
    "sampleCount" : 12,
    "errorCount" : 4,
    "errorPct" : 33.333332,
    "meanResTime" : 756379.3333333334,
    "medianResTime" : 128410.0,
    "minResTime" : 103817.0,
    "maxResTime" : 2036911.0,
    "pct1ResTime" : 2036911.0,
    "pct2ResTime" : 2036911.0,
    "pct3ResTime" : 2036911.0,
    "throughput" : 0.005087522342702288,
    "receivedKBytesPerSec" : 0.6548595165497102,
    "sentKBytesPerSec" : 0.006634314617469195
  },
  "Total" : {
    "transaction" : "Total",
    "sampleCount" : 26,
    "errorCount" : 8,
    "errorPct" : 30.76923,
    "meanResTime" : 186565.46153846156,
    "medianResTime" : 17009.0,
    "minResTime" : 43.0,
    "maxResTime" : 2036911.0,
    "pct1ResTime" : 700960.3000000013,
    "pct2ResTime" : 2036911.0,
    "pct3ResTime" : 2036911.0,
    "throughput" : 0.010719576296378144,
    "receivedKBytesPerSec" : 7.0378817715254245,
    "sentKBytesPerSec" : 0.019298780462665158
  },
  "Token" : {
    "transaction" : "Token",
    "sampleCount" : 4,
    "errorCount" : 0,
    "errorPct" : 0.0,
    "meanResTime" : 969.0,
    "medianResTime" : 969.0,
    "minResTime" : 969.0,
    "maxResTime" : 969.0,
    "pct1ResTime" : 969.0,
    "pct2ResTime" : 969.0,
    "pct3ResTime" : 969.0,
    "throughput" : 0.9492168960607499,
    "receivedKBytesPerSec" : 2.105148018509729,
    "sentKBytesPerSec" : 0.24008513289036543
  },
  "Interconnection Map" : {
    "transaction" : "Interconnection Map",
    "sampleCount" : 12,
    "errorCount" : 12,
    "errorPct" : 100.0,
    "meanResTime" : 77.0,
    "medianResTime" : 52.0,
    "minResTime" : 43.0,
    "maxResTime" : 136.0,
    "pct1ResTime" : 136.0,
    "pct2ResTime" : 136.0,
    "pct3ResTime" : 136.0,
    "throughput" : 0.0372743735575594,
    "receivedKBytesPerSec" : 0.02336928498432923,
    "sentKBytesPerSec" : 0.08182889820057962
  }
}