{
  "RED List Report" : {
    "transaction" : "RED List Report",
    "sampleCount" : 12,
    "errorCount" : 0,
    "errorPct" : 0.0,
    "meanResTime" : 3768.6666666666665,
    "medianResTime" : 1723.0,
    "minResTime" : 1671.0,
    "maxResTime" : 7912.0,
    "pct1ResTime" : 7912.0,
    "pct2ResTime" : 7912.0,
    "pct3ResTime" : 7912.0,
    "throughput" : 0.683682771194166,
    "receivedKBytesPerSec" : 26.640927672060165,
    "sentKBytesPerSec" : 1.352009386394713
  },
  "Basic Entity Search" : {
    "transaction" : "Basic Entity Search",
    "sampleCount" : 12,
    "errorCount" : 0,
    "errorPct" : 0.0,
    "meanResTime" : 325.0,
    "medianResTime" : 320.0,
    "minResTime" : 130.0,
    "maxResTime" : 525.0,
    "pct1ResTime" : 525.0,
    "pct2ResTime" : 525.0,
    "pct3ResTime" : 525.0,
    "throughput" : 0.696217219772569,
    "receivedKBytesPerSec" : 0.5194433163146902,
    "sentKBytesPerSec" : 1.310166584474356
  },
  "Total" : {
    "transaction" : "Total",
    "sampleCount" : 20,
    "errorCount" : 0,
    "errorPct" : 0.0,
    "meanResTime" : 2124.1,
    "medianResTime" : 1697.0,
    "minResTime" : 130.0,
    "maxResTime" : 7912.0,
    "pct1ResTime" : 7416.10000000001,
    "pct2ResTime" : 7912.0,
    "pct3ResTime" : 7912.0,
    "throughput" : 0.9044862518089725,
    "receivedKBytesPerSec" : 61.95510003052642,
    "sentKBytesPerSec" : 1.6218922417691752
  },
  "Token" : {
    "transaction" : "Token",
    "sampleCount" : 4,
    "errorCount" : 0,
    "errorPct" : 0.0,
    "meanResTime" : 351.0,
    "medianResTime" : 351.0,
    "minResTime" : 351.0,
    "maxResTime" : 351.0,
    "pct1ResTime" : 351.0,
    "pct2ResTime" : 351.0,
    "pct3ResTime" : 351.0,
    "throughput" : 1.1574074074074074,
    "receivedKBytesPerSec" : 2.566867404513889,
    "sentKBytesPerSec" : 0.3006546585648148
  },
  "Investee Companies Map" : {
    "transaction" : "Investee Companies Map",
    "sampleCount" : 12,
    "errorCount" : 0,
    "errorPct" : 0.0,
    "meanResTime" : 2869.666666666667,
    "medianResTime" : 2848.0,
    "minResTime" : 2808.0,
    "maxResTime" : 2953.0,
    "pct1ResTime" : 2953.0,
    "pct2ResTime" : 2953.0,
    "pct3ResTime" : 2953.0,
    "throughput" : 0.6404098623118796,
    "receivedKBytesPerSec" : 120.31575208133205,
    "sentKBytesPerSec" : 1.3008325328210055
  }
}