{
  "Enhanced Entity Search" : {
    "transaction" : "Enhanced Entity Search",
    "sampleCount" : 120,
    "errorCount" : 0,
    "errorPct" : 0.0,
    "meanResTime" : 583.7000000000003,
    "medianResTime" : 524.0,
    "minResTime" : 163.0,
    "maxResTime" : 1927.0,
    "pct1ResTime" : 1080.8000000000002,
    "pct2ResTime" : 1426.0,
    "pct3ResTime" : 1927.0,
    "throughput" : 0.4714571956154481,
    "receivedKBytesPerSec" : 0.8918091678780498,
    "sentKBytesPerSec" : 0.9217356500216084
  },
  "Radial Map" : {
    "transaction" : "Radial Map",
    "sampleCount" : 120,
    "errorCount" : 0,
    "errorPct" : 0.0,
    "meanResTime" : 61814.7333333333,
    "medianResTime" : 50860.5,
    "minResTime" : 15052.0,
    "maxResTime" : 117957.0,
    "pct1ResTime" : 117290.9,
    "pct2ResTime" : 117931.0,
    "pct3ResTime" : 117957.0,
    "throughput" : 0.4355954044684828,
    "receivedKBytesPerSec" : 2188.373884921139,
    "sentKBytesPerSec" : 0.8848031653266057
  },
  "EPR" : {
    "transaction" : "EPR",
    "sampleCount" : 120,
    "errorCount" : 0,
    "errorPct" : 0.0,
    "meanResTime" : 5688.999999999998,
    "medianResTime" : 1773.5,
    "minResTime" : 1021.0,
    "maxResTime" : 19689.0,
    "pct1ResTime" : 14938.000000000005,
    "pct2ResTime" : 15606.0,
    "pct3ResTime" : 19689.0,
    "throughput" : 0.9741524873360177,
    "receivedKBytesPerSec" : 10.606275470028576,
    "sentKBytesPerSec" : 1.873150632387323
  },
  "Total" : {
    "transaction" : "Total",
    "sampleCount" : 302,
    "errorCount" : 0,
    "errorPct" : 0.0,
    "meanResTime" : 17763.64238410596,
    "medianResTime" : 5219.0,
    "minResTime" : 163.0,
    "maxResTime" : 117957.0,
    "pct1ResTime" : 50969.09999999999,
    "pct2ResTime" : 113602.0,
    "pct3ResTime" : 117931.0,
    "throughput" : 1.0664896246804063,
    "receivedKBytesPerSec" : 1336.9470799218318,
    "sentKBytesPerSec" : 2.1657966492096676
  },
  "LBO Map" : {
    "transaction" : "LBO Map",
    "sampleCount" : 120,
    "errorCount" : 0,
    "errorPct" : 0.0,
    "meanResTime" : 9692.63333333333,
    "medianResTime" : 6295.0,
    "minResTime" : 2492.0,
    "maxResTime" : 24844.0,
    "pct1ResTime" : 20010.800000000003,
    "pct2ResTime" : 21437.0,
    "pct3ResTime" : 24844.0,
    "throughput" : 0.8432769743222162,
    "receivedKBytesPerSec" : 980.8044137643884,
    "sentKBytesPerSec" : 1.7129063540920015
  },
  "Token" : {
    "transaction" : "Token",
    "sampleCount" : 4,
    "errorCount" : 0,
    "errorPct" : 0.0,
    "meanResTime" : 616.0,
    "medianResTime" : 616.0,
    "minResTime" : 616.0,
    "maxResTime" : 616.0,
    "pct1ResTime" : 616.0,
    "pct2ResTime" : 616.0,
    "pct3ResTime" : 616.0,
    "throughput" : 1.0738255033557047,
    "receivedKBytesPerSec" : 2.381501677852349,
    "sentKBytesPerSec" : 0.2789429530201342
  },
  "Interconnection Map" : {
    "transaction" : "Interconnection Map",
    "sampleCount" : 120,
    "errorCount" : 0,
    "errorPct" : 0.0,
    "meanResTime" : 11609.733333333328,
    "medianResTime" : 4466.0,
    "minResTime" : 2123.0,
    "maxResTime" : 29479.0,
    "pct1ResTime" : 29040.800000000003,
    "pct2ResTime" : 29416.0,
    "pct3ResTime" : 29479.0,
    "throughput" : 0.7254393442028328,
    "receivedKBytesPerSec" : 79.76786507734997,
    "sentKBytesPerSec" : 1.6485325722265547
  }
}