{
  "Enhanced Entity Search" : {
    "transaction" : "Enhanced Entity Search",
    "sampleCount" : 12,
    "errorCount" : 0,
    "errorPct" : 0.0,
    "meanResTime" : 16256.000000000002,
    "medianResTime" : 16402.0,
    "minResTime" : 15608.0,
    "maxResTime" : 16758.0,
    "pct1ResTime" : 16758.0,
    "pct2ResTime" : 16758.0,
    "pct3ResTime" : 16758.0,
    "throughput" : 0.03315439171361237,
    "receivedKBytesPerSec" : 0.19112341238813849,
    "sentKBytesPerSec" : 0.07051783706274192
  },
  "Radial Map" : {
    "transaction" : "Radial Map",
    "sampleCount" : 12,
    "errorCount" : 0,
    "errorPct" : 0.0,
    "meanResTime" : 56588.66666666667,
    "medianResTime" : 46249.0,
    "minResTime" : 20028.0,
    "maxResTime" : 103489.0,
    "pct1ResTime" : 103489.0,
    "pct2ResTime" : 103489.0,
    "pct3ResTime" : 103489.0,
    "throughput" : 0.03285744796201679,
    "receivedKBytesPerSec" : 13.910380283888351,
    "sentKBytesPerSec" : 0.07206819152606417
  },
  "EPR" : {
    "transaction" : "EPR",
    "sampleCount" : 12,
    "errorCount" : 0,
    "errorPct" : 0.0,
    "meanResTime" : 77264.0,
    "medianResTime" : 68728.0,
    "minResTime" : 67025.0,
    "maxResTime" : 96039.0,
    "pct1ResTime" : 96039.0,
    "pct2ResTime" : 96039.0,
    "pct3ResTime" : 96039.0,
    "throughput" : 0.030969660056364784,
    "receivedKBytesPerSec" : 2.3918316069898524,
    "sentKBytesPerSec" : 0.06203005153867595
  },
  "Total" : {
    "transaction" : "Total",
    "sampleCount" : 26,
    "errorCount" : 6,
    "errorPct" : 23.076923,
    "meanResTime" : 34713.61538461538,
    "medianResTime" : 16758.0,
    "minResTime" : 47.0,
    "maxResTime" : 103489.0,
    "pct1ResTime" : 98274.0,
    "pct2ResTime" : 103489.0,
    "pct3ResTime" : 103489.0,
    "throughput" : 0.05760534577608802,
    "receivedKBytesPerSec" : 6.749367206661394,
    "sentKBytesPerSec" : 0.11499865264419616
  },
  "Token" : {
    "transaction" : "Token",
    "sampleCount" : 4,
    "errorCount" : 0,
    "errorPct" : 0.0,
    "meanResTime" : 546.0,
    "medianResTime" : 546.0,
    "minResTime" : 546.0,
    "maxResTime" : 546.0,
    "pct1ResTime" : 546.0,
    "pct2ResTime" : 546.0,
    "pct3ResTime" : 546.0,
    "throughput" : 1.0979961570134504,
    "receivedKBytesPerSec" : 2.43510671150151,
    "sentKBytesPerSec" : 0.277715824869613
  },
  "Interconnection Map" : {
    "transaction" : "Interconnection Map",
    "sampleCount" : 12,
    "errorCount" : 12,
    "errorPct" : 100.0,
    "meanResTime" : 135.00000000000003,
    "medianResTime" : 96.0,
    "minResTime" : 47.0,
    "maxResTime" : 262.0,
    "pct1ResTime" : 262.0,
    "pct2ResTime" : 262.0,
    "pct3ResTime" : 262.0,
    "throughput" : 0.037616375662204944,
    "receivedKBytesPerSec" : 0.023583704272593337,
    "sentKBytesPerSec" : 0.08437970204695777
  }
}