{
  "Enhanced Entity Search" : {
    "transaction" : "Enhanced Entity Search",
    "sampleCount" : 4,
    "errorCount" : 0,
    "errorPct" : 0.0,
    "meanResTime" : 9684.0,
    "medianResTime" : 9684.0,
    "minResTime" : 9684.0,
    "maxResTime" : 9684.0,
    "pct1ResTime" : 9684.0,
    "pct2ResTime" : 9684.0,
    "pct3ResTime" : 9684.0,
    "throughput" : 0.41300980898296336,
    "receivedKBytesPerSec" : 1.4205278781621062,
    "sentKBytesPerSec" : 0.8586893391843056
  },
  "Radial Map" : {
    "transaction" : "Radial Map",
    "sampleCount" : 4,
    "errorCount" : 4,
    "errorPct" : 100.0,
    "meanResTime" : 180031.0,
    "medianResTime" : 180031.0,
    "minResTime" : 180031.0,
    "maxResTime" : 180031.0,
    "pct1ResTime" : 180031.0,
    "pct2ResTime" : 180031.0,
    "pct3ResTime" : 180031.0,
    "throughput" : 0.022218272307145397,
    "receivedKBytesPerSec" : 0.06908494045503022,
    "sentKBytesPerSec" : 0.0
  },
  "EPR" : {
    "transaction" : "EPR",
    "sampleCount" : 4,
    "errorCount" : 4,
    "errorPct" : 100.0,
    "meanResTime" : 180046.0,
    "medianResTime" : 180046.0,
    "minResTime" : 180046.0,
    "maxResTime" : 180046.0,
    "pct1ResTime" : 180046.0,
    "pct2ResTime" : 180046.0,
    "pct3ResTime" : 180046.0,
    "throughput" : 0.02221642126778008,
    "receivedKBytesPerSec" : 0.06907918487950368,
    "sentKBytesPerSec" : 0.0
  },
  "Total" : {
    "transaction" : "Total",
    "sampleCount" : 10,
    "errorCount" : 4,
    "errorPct" : 40.0,
    "meanResTime" : 81294.79999999999,
    "medianResTime" : 32142.0,
    "minResTime" : 4571.0,
    "maxResTime" : 180046.0,
    "pct1ResTime" : 180046.0,
    "pct2ResTime" : 180046.0,
    "pct3ResTime" : 180046.0,
    "throughput" : 0.024598128082452927,
    "receivedKBytesPerSec" : 0.09981939593146961,
    "sentKBytesPerSec" : 0.022340096793634003
  },
  "Token" : {
    "transaction" : "Token",
    "sampleCount" : 4,
    "errorCount" : 0,
    "errorPct" : 0.0,
    "meanResTime" : 4571.0,
    "medianResTime" : 4571.0,
    "minResTime" : 4571.0,
    "maxResTime" : 4571.0,
    "pct1ResTime" : 4571.0,
    "pct2ResTime" : 4571.0,
    "pct3ResTime" : 4571.0,
    "throughput" : 0.771158665895508,
    "receivedKBytesPerSec" : 1.7102552053209947,
    "sentKBytesPerSec" : 0.2003205128205128
  },
  "Interconnection Map" : {
    "transaction" : "Interconnection Map",
    "sampleCount" : 4,
    "errorCount" : 0,
    "errorPct" : 0.0,
    "meanResTime" : 32142.0,
    "medianResTime" : 32142.0,
    "minResTime" : 32142.0,
    "maxResTime" : 32142.0,
    "pct1ResTime" : 32142.0,
    "pct2ResTime" : 32142.0,
    "pct3ResTime" : 32142.0,
    "throughput" : 0.12444389136048284,
    "receivedKBytesPerSec" : 1.0470786796503126,
    "sentKBytesPerSec" : 0.274043920915907
  }
}