{
  "RED List Report" : {
    "transaction" : "RED List Report",
    "sampleCount" : 12,
    "errorCount" : 0,
    "errorPct" : 0.0,
    "meanResTime" : 18749.666666666664,
    "medianResTime" : 15042.0,
    "minResTime" : 14290.0,
    "maxResTime" : 26917.0,
    "pct1ResTime" : 26917.0,
    "pct2ResTime" : 26917.0,
    "pct3ResTime" : 26917.0,
    "throughput" : 0.12118396736111813,
    "receivedKBytesPerSec" : 2.5925558329882956,
    "sentKBytesPerSec" : 0.2388176231784535
  },
  "Basic Entity Search" : {
    "transaction" : "Basic Entity Search",
    "sampleCount" : 12,
    "errorCount" : 0,
    "errorPct" : 0.0,
    "meanResTime" : 9749.666666666668,
    "medianResTime" : 9668.0,
    "minResTime" : 9604.0,
    "maxResTime" : 9977.0,
    "pct1ResTime" : 9977.0,
    "pct2ResTime" : 9977.0,
    "pct3ResTime" : 9977.0,
    "throughput" : 0.11179950621884754,
    "receivedKBytesPerSec" : 0.07697133973074953,
    "sentKBytesPerSec" : 0.20962407416033912
  },
  "Total" : {
    "transaction" : "Total",
    "sampleCount" : 20,
    "errorCount" : 0,
    "errorPct" : 0.0,
    "meanResTime" : 13335.499999999998,
    "medianResTime" : 11738.0,
    "minResTime" : 727.0,
    "maxResTime" : 26917.0,
    "pct1ResTime" : 26590.700000000008,
    "pct2ResTime" : 26917.0,
    "pct3ResTime" : 26917.0,
    "throughput" : 0.1489336351721673,
    "receivedKBytesPerSec" : 10.805251586143214,
    "sentKBytesPerSec" : 0.2660443412665316
  },
  "Token" : {
    "transaction" : "Token",
    "sampleCount" : 4,
    "errorCount" : 0,
    "errorPct" : 0.0,
    "meanResTime" : 727.0,
    "medianResTime" : 727.0,
    "minResTime" : 727.0,
    "maxResTime" : 727.0,
    "pct1ResTime" : 727.0,
    "pct2ResTime" : 727.0,
    "pct3ResTime" : 727.0,
    "throughput" : 1.0211896859841716,
    "receivedKBytesPerSec" : 2.2647673602246616,
    "sentKBytesPerSec" : 0.25828918815419966
  },
  "Investee Companies Map" : {
    "transaction" : "Investee Companies Map",
    "sampleCount" : 12,
    "errorCount" : 0,
    "errorPct" : 0.0,
    "meanResTime" : 15710.0,
    "medianResTime" : 12382.0,
    "minResTime" : 11094.0,
    "maxResTime" : 23654.0,
    "pct1ResTime" : 23654.0,
    "pct2ResTime" : 23654.0,
    "pct3ResTime" : 23654.0,
    "throughput" : 0.11146097472622397,
    "receivedKBytesPerSec" : 24.411586194165018,
    "sentKBytesPerSec" : 0.2256431646557249
  }
}