{
  "Enhanced Entity Search" : {
    "transaction" : "Enhanced Entity Search",
    "sampleCount" : 40,
    "errorCount" : 0,
    "errorPct" : 0.0,
    "meanResTime" : 1643.1000000000001,
    "medianResTime" : 1680.0,
    "minResTime" : 254.0,
    "maxResTime" : 3123.0,
    "pct1ResTime" : 3113.1,
    "pct2ResTime" : 3123.0,
    "pct3ResTime" : 3123.0,
    "throughput" : 3.2989690721649487,
    "receivedKBytesPerSec" : 18.965850515463917,
    "sentKBytesPerSec" : 7.03930412371134
  },
  "Radial Map" : {
    "transaction" : "Radial Map",
    "sampleCount" : 40,
    "errorCount" : 0,
    "errorPct" : 0.0,
    "meanResTime" : 156506.50000000003,
    "medianResTime" : 153159.0,
    "minResTime" : 148347.0,
    "maxResTime" : 167177.0,
    "pct1ResTime" : 167022.7,
    "pct2ResTime" : 167177.0,
    "pct3ResTime" : 167177.0,
    "throughput" : 0.22820239270208748,
    "receivedKBytesPerSec" : 82.9640495655597,
    "sentKBytesPerSec" : 0.5020898347244172
  },
  "EPR" : {
    "transaction" : "EPR",
    "sampleCount" : 40,
    "errorCount" : 0,
    "errorPct" : 0.0,
    "meanResTime" : 8302.500000000002,
    "medianResTime" : 6800.5,
    "minResTime" : 4806.0,
    "maxResTime" : 13692.0,
    "pct1ResTime" : 13606.699999999999,
    "pct2ResTime" : 13692.0,
    "pct3ResTime" : 13692.0,
    "throughput" : 0.36875195899478214,
    "receivedKBytesPerSec" : 25.8065152709405,
    "sentKBytesPerSec" : 0.7411050113391228
  },
  "Total" : {
    "transaction" : "Total",
    "sampleCount" : 82,
    "errorCount" : 0,
    "errorPct" : 0.0,
    "meanResTime" : 68171.68292682934,
    "medianResTime" : 13692.0,
    "minResTime" : 254.0,
    "maxResTime" : 167177.0,
    "pct1ResTime" : 158953.2,
    "pct2ResTime" : 165615.55,
    "pct3ResTime" : 167177.0,
    "throughput" : 0.2564671956563215,
    "receivedKBytesPerSec" : 27.77114442035286,
    "sentKBytesPerSec" : 0.5391895362947997
  },
  "Token" : {
    "transaction" : "Token",
    "sampleCount" : 4,
    "errorCount" : 0,
    "errorPct" : 0.0,
    "meanResTime" : 952.0,
    "medianResTime" : 952.0,
    "minResTime" : 952.0,
    "maxResTime" : 952.0,
    "pct1ResTime" : 952.0,
    "pct2ResTime" : 952.0,
    "pct3ResTime" : 952.0,
    "throughput" : 2.5380710659898473,
    "receivedKBytesPerSec" : 5.628866592639594,
    "sentKBytesPerSec" : 0.659303616751269
  },
  "Interconnection Map" : {
    "transaction" : "Interconnection Map",
    "sampleCount" : 40,
    "errorCount" : 0,
    "errorPct" : 0.0,
    "meanResTime" : 112956.60000000002,
    "medianResTime" : 122628.5,
    "minResTime" : 55566.0,
    "maxResTime" : 144340.0,
    "pct1ResTime" : 144208.0,
    "pct2ResTime" : 144340.0,
    "pct3ResTime" : 144340.0,
    "throughput" : 0.24951811813435307,
    "receivedKBytesPerSec" : 1.1111353698170408,
    "sentKBytesPerSec" : 0.5614157658022944
  }
}