{
  "Enhanced Entity Search" : {
    "transaction" : "Enhanced Entity Search",
    "sampleCount" : 12,
    "errorCount" : 0,
    "errorPct" : 0.0,
    "meanResTime" : 4280.666666666666,
    "medianResTime" : 3499.5,
    "minResTime" : 3184.0,
    "maxResTime" : 6917.0,
    "pct1ResTime" : 6917.0,
    "pct2ResTime" : 6917.0,
    "pct3ResTime" : 6917.0,
    "throughput" : 0.7698229407236336,
    "receivedKBytesPerSec" : 5.291405047151655,
    "sentKBytesPerSec" : 1.734732847382602
  },
  "Radial Map" : {
    "transaction" : "Radial Map",
    "sampleCount" : 12,
    "errorCount" : 0,
    "errorPct" : 0.0,
    "meanResTime" : 39981.83333333334,
    "medianResTime" : 39777.0,
    "minResTime" : 28026.0,
    "maxResTime" : 52730.0,
    "pct1ResTime" : 52730.0,
    "pct2ResTime" : 52730.0,
    "pct3ResTime" : 52730.0,
    "throughput" : 0.09769997964583757,
    "receivedKBytesPerSec" : 40.2262969417871,
    "sentKBytesPerSec" : 0.22664677895379604
  },
  "EPR" : {
    "transaction" : "EPR",
    "sampleCount" : 12,
    "errorCount" : 0,
    "errorPct" : 0.0,
    "meanResTime" : 84086.66666666667,
    "medianResTime" : 71274.5,
    "minResTime" : 63919.0,
    "maxResTime" : 117718.0,
    "pct1ResTime" : 117718.0,
    "pct2ResTime" : 117718.0,
    "pct3ResTime" : 117718.0,
    "throughput" : 0.04702839339251073,
    "receivedKBytesPerSec" : 3.684219953265534,
    "sentKBytesPerSec" : 0.10014200370348599
  },
  "Total" : {
    "transaction" : "Total",
    "sampleCount" : 48,
    "errorCount" : 6,
    "errorPct" : 12.5,
    "meanResTime" : 16326.208333333332,
    "medianResTime" : 1586.5,
    "minResTime" : 64.0,
    "maxResTime" : 116131.0,
    "pct1ResTime" : 64643.30000000001,
    "pct2ResTime" : 95894.94999999987,
    "pct3ResTime" : 116131.0,
    "throughput" : 0.18863920394255937,
    "receivedKBytesPerSec" : 11.863476244723996,
    "sentKBytesPerSec" : 0.22585123440779079
  },
  "Token" : {
    "transaction" : "Token",
    "sampleCount" : 24,
    "errorCount" : 0,
    "errorPct" : 0.0,
    "meanResTime" : 743.6666666666665,
    "medianResTime" : 441.5,
    "minResTime" : 64.0,
    "maxResTime" : 1593.0,
    "pct1ResTime" : 1590.0,
    "pct2ResTime" : 1593.0,
    "pct3ResTime" : 1593.0,
    "throughput" : 0.1259644150527476,
    "receivedKBytesPerSec" : 0.2793605337742088,
    "sentKBytesPerSec" : 0.031860140135411746
  },
  "Interconnection Map" : {
    "transaction" : "Interconnection Map",
    "sampleCount" : 12,
    "errorCount" : 12,
    "errorPct" : 100.0,
    "meanResTime" : 773.1666666666667,
    "medianResTime" : 640.0,
    "minResTime" : 82.0,
    "maxResTime" : 1675.0,
    "pct1ResTime" : 1675.0,
    "pct2ResTime" : 1675.0,
    "pct3ResTime" : 1675.0,
    "throughput" : 2.100840336134454,
    "receivedKBytesPerSec" : 3.6467223608193278,
    "sentKBytesPerSec" : 4.978211987920169
  }
}