{
  "Enhanced Entity Search" : {
    "transaction" : "Enhanced Entity Search",
    "sampleCount" : 12,
    "errorCount" : 0,
    "errorPct" : 0.0,
    "meanResTime" : 532.3333333333333,
    "medianResTime" : 560.0,
    "minResTime" : 445.0,
    "maxResTime" : 592.0,
    "pct1ResTime" : 592.0,
    "pct2ResTime" : 592.0,
    "pct3ResTime" : 592.0,
    "throughput" : 0.10359652606315935,
    "receivedKBytesPerSec" : 0.5048307275929347,
    "sentKBytesPerSec" : 0.21437601438265103
  },
  "Radial Map" : {
    "transaction" : "Radial Map",
    "sampleCount" : 12,
    "errorCount" : 0,
    "errorPct" : 0.0,
    "meanResTime" : 22069.333333333332,
    "medianResTime" : 19631.0,
    "minResTime" : 18146.0,
    "maxResTime" : 28431.0,
    "pct1ResTime" : 28431.0,
    "pct2ResTime" : 28431.0,
    "pct3ResTime" : 28431.0,
    "throughput" : 0.0899422121287073,
    "receivedKBytesPerSec" : 92.59392637105658,
    "sentKBytesPerSec" : 0.19358655813639736
  },
  "EPR" : {
    "transaction" : "EPR",
    "sampleCount" : 12,
    "errorCount" : 0,
    "errorPct" : 0.0,
    "meanResTime" : 14727.66666666667,
    "medianResTime" : 8705.0,
    "minResTime" : 5720.0,
    "maxResTime" : 29758.0,
    "pct1ResTime" : 29758.0,
    "pct2ResTime" : 29758.0,
    "pct3ResTime" : 29758.0,
    "throughput" : 0.12884245788462156,
    "receivedKBytesPerSec" : 47.647006224701244,
    "sentKBytesPerSec" : 0.25290365268368104
  },
  "Total" : {
    "transaction" : "Total",
    "sampleCount" : 26,
    "errorCount" : 0,
    "errorPct" : 0.0,
    "meanResTime" : 11073.69230769231,
    "medianResTime" : 6527.0,
    "minResTime" : 445.0,
    "maxResTime" : 29758.0,
    "pct1ResTime" : 28829.100000000002,
    "pct2ResTime" : 29758.0,
    "pct3ResTime" : 29758.0,
    "throughput" : 0.1805179476497952,
    "receivedKBytesPerSec" : 60.33442197372075,
    "sentKBytesPerSec" : 0.3529809327917795
  },
  "Token" : {
    "transaction" : "Token",
    "sampleCount" : 4,
    "errorCount" : 0,
    "errorPct" : 0.0,
    "meanResTime" : 675.0,
    "medianResTime" : 675.0,
    "minResTime" : 675.0,
    "maxResTime" : 675.0,
    "pct1ResTime" : 675.0,
    "pct2ResTime" : 675.0,
    "pct3ResTime" : 675.0,
    "throughput" : 1.056803170409511,
    "receivedKBytesPerSec" : 2.34375,
    "sentKBytesPerSec" : 0.27452113606340817
  },
  "Interconnection Map" : {
    "transaction" : "Interconnection Map",
    "sampleCount" : 12,
    "errorCount" : 0,
    "errorPct" : 0.0,
    "meanResTime" : 10431.666666666666,
    "medianResTime" : 6527.0,
    "minResTime" : 3598.0,
    "maxResTime" : 21170.0,
    "pct1ResTime" : 21170.0,
    "pct2ResTime" : 21170.0,
    "pct3ResTime" : 21170.0,
    "throughput" : 0.11051046626207557,
    "receivedKBytesPerSec" : 4.79889541335519,
    "sentKBytesPerSec" : 0.24336045060642617
  }
}