{
  "Enhanced Entity Search" : {
    "transaction" : "Enhanced Entity Search",
    "sampleCount" : 120,
    "errorCount" : 0,
    "errorPct" : 0.0,
    "meanResTime" : 6535.100000000001,
    "medianResTime" : 3682.5,
    "minResTime" : 506.0,
    "maxResTime" : 19214.0,
    "pct1ResTime" : 18487.9,
    "pct2ResTime" : 18660.0,
    "pct3ResTime" : 19214.0,
    "throughput" : 0.2153764421247604,
    "receivedKBytesPerSec" : 1.2382042136606097,
    "sentKBytesPerSec" : 0.459567896525978
  },
  "Radial Map" : {
    "transaction" : "Radial Map",
    "sampleCount" : 120,
    "errorCount" : 0,
    "errorPct" : 0.0,
    "meanResTime" : 173612.36666666664,
    "medianResTime" : 179948.0,
    "minResTime" : 136922.0,
    "maxResTime" : 198504.0,
    "pct1ResTime" : 196224.60000000006,
    "pct2ResTime" : 198010.0,
    "pct3ResTime" : 198504.0,
    "throughput" : 0.16802063293372427,
    "receivedKBytesPerSec" : 59.07121957076329,
    "sentKBytesPerSec" : 0.36967820898406323
  },
  "EPR" : {
    "transaction" : "EPR",
    "sampleCount" : 120,
    "errorCount" : 0,
    "errorPct" : 0.0,
    "meanResTime" : 18348.566666666666,
    "medianResTime" : 17605.0,
    "minResTime" : 4223.0,
    "maxResTime" : 39440.0,
    "pct1ResTime" : 33857.50000000001,
    "pct2ResTime" : 37041.0,
    "pct3ResTime" : 39440.0,
    "throughput" : 0.24217130794705327,
    "receivedKBytesPerSec" : 16.943477721248716,
    "sentKBytesPerSec" : 0.48670757007327703
  },
  "Total" : {
    "transaction" : "Total",
    "sampleCount" : 242,
    "errorCount" : 0,
    "errorPct" : 0.0,
    "meanResTime" : 57533.5123966942,
    "medianResTime" : 24045.0,
    "minResTime" : 320.0,
    "maxResTime" : 198504.0,
    "pct1ResTime" : 180982.80000000002,
    "pct2ResTime" : 184342.25,
    "pct3ResTime" : 198291.58,
    "throughput" : 0.33292016381873185,
    "receivedKBytesPerSec" : 38.658895025766924,
    "sentKBytesPerSec" : 0.7100616607350932
  },
  "Token" : {
    "transaction" : "Token",
    "sampleCount" : 4,
    "errorCount" : 0,
    "errorPct" : 0.0,
    "meanResTime" : 320.0,
    "medianResTime" : 320.0,
    "minResTime" : 320.0,
    "maxResTime" : 320.0,
    "pct1ResTime" : 320.0,
    "pct2ResTime" : 320.0,
    "pct3ResTime" : 320.0,
    "throughput" : 1.1726766344180592,
    "receivedKBytesPerSec" : 2.60073109058927,
    "sentKBytesPerSec" : 0.30462107886250367
  },
  "Interconnection Map" : {
    "transaction" : "Interconnection Map",
    "sampleCount" : 120,
    "errorCount" : 0,
    "errorPct" : 0.0,
    "meanResTime" : 33545.13333333333,
    "medianResTime" : 34192.5,
    "minResTime" : 6492.0,
    "maxResTime" : 65969.0,
    "pct1ResTime" : 62360.50000000003,
    "pct2ResTime" : 63596.0,
    "pct3ResTime" : 65969.0,
    "throughput" : 0.22520197802404032,
    "receivedKBytesPerSec" : 9.231961556145668,
    "sentKBytesPerSec" : 0.5067044505540906
  }
}