{
  "Enhanced Entity Search" : {
    "transaction" : "Enhanced Entity Search",
    "sampleCount" : 12,
    "errorCount" : 0,
    "errorPct" : 0.0,
    "meanResTime" : 16457.999999999996,
    "medianResTime" : 16478.0,
    "minResTime" : 16232.0,
    "maxResTime" : 16664.0,
    "pct1ResTime" : 16664.0,
    "pct2ResTime" : 16664.0,
    "pct3ResTime" : 16664.0,
    "throughput" : 0.03234510066064868,
    "receivedKBytesPerSec" : 0.3310003025614624,
    "sentKBytesPerSec" : 0.0667117701125879
  },
  "Radial Map" : {
    "transaction" : "Radial Map",
    "sampleCount" : 12,
    "errorCount" : 0,
    "errorPct" : 0.0,
    "meanResTime" : 21305.333333333336,
    "medianResTime" : 17800.0,
    "minResTime" : 17207.0,
    "maxResTime" : 28909.0,
    "pct1ResTime" : 28909.0,
    "pct2ResTime" : 28909.0,
    "pct3ResTime" : 28909.0,
    "throughput" : 0.03229782904759085,
    "receivedKBytesPerSec" : 39.06371957948227,
    "sentKBytesPerSec" : 0.06929524454839561
  },
  "EPR" : {
    "transaction" : "EPR",
    "sampleCount" : 12,
    "errorCount" : 0,
    "errorPct" : 0.0,
    "meanResTime" : 132518.00000000003,
    "medianResTime" : 129852.0,
    "minResTime" : 122764.0,
    "maxResTime" : 144938.0,
    "pct1ResTime" : 144938.0,
    "pct2ResTime" : 144938.0,
    "pct3ResTime" : 144938.0,
    "throughput" : 0.025785601320222788,
    "receivedKBytesPerSec" : 9.535988775742625,
    "sentKBytesPerSec" : 0.050438046332427974
  },
  "Total" : {
    "transaction" : "Total",
    "sampleCount" : 26,
    "errorCount" : 6,
    "errorPct" : 23.076923,
    "meanResTime" : 39357.538461538454,
    "medianResTime" : 16664.0,
    "minResTime" : 39.0,
    "maxResTime" : 144938.0,
    "pct1ResTime" : 134377.80000000002,
    "pct2ResTime" : 144938.0,
    "pct3ResTime" : 144938.0,
    "throughput" : 0.05080953265001026,
    "receivedKBytesPerSec" : 18.65377028717157,
    "sentKBytesPerSec" : 0.0990045423233636
  },
  "Token" : {
    "transaction" : "Token",
    "sampleCount" : 4,
    "errorCount" : 0,
    "errorPct" : 0.0,
    "meanResTime" : 647.0,
    "medianResTime" : 647.0,
    "minResTime" : 647.0,
    "maxResTime" : 647.0,
    "pct1ResTime" : 647.0,
    "pct2ResTime" : 647.0,
    "pct3ResTime" : 647.0,
    "throughput" : 1.0715242432360033,
    "receivedKBytesPerSec" : 2.376398004286097,
    "sentKBytesPerSec" : 0.27102029199035627
  },
  "Interconnection Map" : {
    "transaction" : "Interconnection Map",
    "sampleCount" : 12,
    "errorCount" : 12,
    "errorPct" : 100.0,
    "meanResTime" : 52.33333333333333,
    "medianResTime" : 49.0,
    "minResTime" : 39.0,
    "maxResTime" : 69.0,
    "pct1ResTime" : 69.0,
    "pct2ResTime" : 69.0,
    "pct3ResTime" : 69.0,
    "throughput" : 0.03501788830460894,
    "receivedKBytesPerSec" : 0.021954574503475523,
    "sentKBytesPerSec" : 0.0768752079187118
  }
}