{
  "Radial Map" : {
    "transaction" : "Radial Map",
    "sampleCount" : 4,
    "errorCount" : 0,
    "errorPct" : 0.0,
    "meanResTime" : 26795.0,
    "medianResTime" : 26795.0,
    "minResTime" : 26795.0,
    "maxResTime" : 26795.0,
    "pct1ResTime" : 26795.0,
    "pct2ResTime" : 26795.0,
    "pct3ResTime" : 26795.0,
    "throughput" : 0.14928158238477326,
    "receivedKBytesPerSec" : 791.6107832618026,
    "sentKBytesPerSec" : 0.3032282142190707
  },
  "EPR" : {
    "transaction" : "EPR",
    "sampleCount" : 4,
    "errorCount" : 0,
    "errorPct" : 0.0,
    "meanResTime" : 43267.0,
    "medianResTime" : 43267.0,
    "minResTime" : 43267.0,
    "maxResTime" : 43267.0,
    "pct1ResTime" : 43267.0,
    "pct2ResTime" : 43267.0,
    "pct3ResTime" : 43267.0,
    "throughput" : 0.09244707405010631,
    "receivedKBytesPerSec" : 1.006535574789683,
    "sentKBytesPerSec" : 0.17776200078580012
  },
  "IC Map" : {
    "transaction" : "IC Map",
    "sampleCount" : 4,
    "errorCount" : 4,
    "errorPct" : 100.0,
    "meanResTime" : 692.0,
    "medianResTime" : 692.0,
    "minResTime" : 692.0,
    "maxResTime" : 692.0,
    "pct1ResTime" : 692.0,
    "pct2ResTime" : 692.0,
    "pct3ResTime" : 692.0,
    "throughput" : 5.780346820809248,
    "receivedKBytesPerSec" : 2.884528540462428,
    "sentKBytesPerSec" : 11.73568460982659
  },
  "FPR - 5 Year" : {
    "transaction" : "FPR - 5 Year",
    "sampleCount" : 4,
    "errorCount" : 0,
    "errorPct" : 0.0,
    "meanResTime" : 2070.0,
    "medianResTime" : 2070.0,
    "minResTime" : 2070.0,
    "maxResTime" : 2070.0,
    "pct1ResTime" : 2070.0,
    "pct2ResTime" : 2070.0,
    "pct3ResTime" : 2070.0,
    "throughput" : 1.932367149758454,
    "receivedKBytesPerSec" : 32.15579710144928,
    "sentKBytesPerSec" : 3.8590730676328504
  },
  "Login" : {
    "transaction" : "Login",
    "sampleCount" : 2,
    "errorCount" : 0,
    "errorPct" : 0.0,
    "meanResTime" : 1142.0,
    "medianResTime" : 1142.0,
    "minResTime" : 850.0,
    "maxResTime" : 1434.0,
    "pct1ResTime" : 1434.0,
    "pct2ResTime" : 1434.0,
    "pct3ResTime" : 1434.0,
    "throughput" : 1.3947001394700138,
    "receivedKBytesPerSec" : 3.0931289225941425,
    "sentKBytesPerSec" : 0.36229515341701535
  },
  "Interconnection Map" : {
    "transaction" : "Interconnection Map",
    "sampleCount" : 4,
    "errorCount" : 0,
    "errorPct" : 0.0,
    "meanResTime" : 20635.0,
    "medianResTime" : 20635.0,
    "minResTime" : 20635.0,
    "maxResTime" : 20635.0,
    "pct1ResTime" : 20635.0,
    "pct2ResTime" : 20635.0,
    "pct3ResTime" : 20635.0,
    "throughput" : 0.1938454082868912,
    "receivedKBytesPerSec" : 1.9144127089895806,
    "sentKBytesPerSec" : 0.40340289556578623
  },
  "Enhanced Entity Search" : {
    "transaction" : "Enhanced Entity Search",
    "sampleCount" : 4,
    "errorCount" : 0,
    "errorPct" : 0.0,
    "meanResTime" : 44.0,
    "medianResTime" : 44.0,
    "minResTime" : 44.0,
    "maxResTime" : 44.0,
    "pct1ResTime" : 44.0,
    "pct2ResTime" : 44.0,
    "pct3ResTime" : 44.0,
    "throughput" : 90.9090909090909,
    "receivedKBytesPerSec" : 47.58522727272727,
    "sentKBytesPerSec" : 178.26704545454547
  },
  "FPR - 1 Year" : {
    "transaction" : "FPR - 1 Year",
    "sampleCount" : 4,
    "errorCount" : 4,
    "errorPct" : 100.0,
    "meanResTime" : 508.0,
    "medianResTime" : 508.0,
    "minResTime" : 508.0,
    "maxResTime" : 508.0,
    "pct1ResTime" : 508.0,
    "pct2ResTime" : 508.0,
    "pct3ResTime" : 508.0,
    "throughput" : 7.874015748031496,
    "receivedKBytesPerSec" : 4.2138287401574805,
    "sentKBytesPerSec" : 16.05561023622047
  },
  "RED List" : {
    "transaction" : "RED List",
    "sampleCount" : 4,
    "errorCount" : 0,
    "errorPct" : 0.0,
    "meanResTime" : 11210.0,
    "medianResTime" : 11210.0,
    "minResTime" : 11210.0,
    "maxResTime" : 11210.0,
    "pct1ResTime" : 11210.0,
    "pct2ResTime" : 11210.0,
    "pct3ResTime" : 11210.0,
    "throughput" : 0.35679243600035676,
    "receivedKBytesPerSec" : 5.5100738114351975,
    "sentKBytesPerSec" : 0.7055709793952368
  },
  "Basic Entity Search" : {
    "transaction" : "Basic Entity Search",
    "sampleCount" : 4,
    "errorCount" : 0,
    "errorPct" : 0.0,
    "meanResTime" : 296.0,
    "medianResTime" : 296.0,
    "minResTime" : 296.0,
    "maxResTime" : 296.0,
    "pct1ResTime" : 296.0,
    "pct2ResTime" : 296.0,
    "pct3ResTime" : 296.0,
    "throughput" : 13.468013468013467,
    "receivedKBytesPerSec" : 9.46969696969697,
    "sentKBytesPerSec" : 25.26567760942761
  },
  "RPR" : {
    "transaction" : "RPR",
    "sampleCount" : 4,
    "errorCount" : 4,
    "errorPct" : 100.0,
    "meanResTime" : 197.0,
    "medianResTime" : 197.0,
    "minResTime" : 197.0,
    "maxResTime" : 197.0,
    "pct1ResTime" : 197.0,
    "pct2ResTime" : 197.0,
    "pct3ResTime" : 197.0,
    "throughput" : 20.30456852791878,
    "receivedKBytesPerSec" : 11.26269035532995,
    "sentKBytesPerSec" : 40.07376269035533
  },
  "Total" : {
    "transaction" : "Total",
    "sampleCount" : 23,
    "errorCount" : 6,
    "errorPct" : 26.086956,
    "meanResTime" : 10444.173913043478,
    "medianResTime" : 2070.0,
    "minResTime" : 44.0,
    "maxResTime" : 43267.0,
    "pct1ResTime" : 36678.200000000026,
    "pct2ResTime" : 43267.0,
    "pct3ResTime" : 43267.0,
    "throughput" : 0.19063722564816657,
    "receivedKBytesPerSec" : 140.85210209918523,
    "sentKBytesPerSec" : 0.3655391096412705
  },
  "LBO Map" : {
    "transaction" : "LBO Map",
    "sampleCount" : 4,
    "errorCount" : 0,
    "errorPct" : 0.0,
    "meanResTime" : 13969.0,
    "medianResTime" : 13969.0,
    "minResTime" : 13969.0,
    "maxResTime" : 13969.0,
    "pct1ResTime" : 13969.0,
    "pct2ResTime" : 13969.0,
    "pct3ResTime" : 13969.0,
    "throughput" : 0.2863278453829635,
    "receivedKBytesPerSec" : 898.2641374373658,
    "sentKBytesPerSec" : 0.5816034359341445
  }
}