{
  "Enhanced Entity Search" : {
    "transaction" : "Enhanced Entity Search",
    "sampleCount" : 12,
    "errorCount" : 0,
    "errorPct" : 0.0,
    "meanResTime" : 1888.0,
    "medianResTime" : 1456.0,
    "minResTime" : 873.0,
    "maxResTime" : 4483.0,
    "pct1ResTime" : 4483.0,
    "pct2ResTime" : 4483.0,
    "pct3ResTime" : 4483.0,
    "throughput" : 1.272264631043257,
    "receivedKBytesPerSec" : 5.005193423982188,
    "sentKBytesPerSec" : 2.6768497534987277
  },
  "Basic Entity Search" : {
    "transaction" : "Basic Entity Search",
    "sampleCount" : 12,
    "errorCount" : 0,
    "errorPct" : 0.0,
    "meanResTime" : 1785.6666666666667,
    "medianResTime" : 1320.5,
    "minResTime" : 841.0,
    "maxResTime" : 4456.0,
    "pct1ResTime" : 4456.0,
    "pct2ResTime" : 4456.0,
    "pct3ResTime" : 4456.0,
    "throughput" : 1.3139165662980399,
    "receivedKBytesPerSec" : 2.388530945472463,
    "sentKBytesPerSec" : 2.6656852211759556
  },
  "Radial Map" : {
    "transaction" : "Radial Map",
    "sampleCount" : 12,
    "errorCount" : 0,
    "errorPct" : 0.0,
    "meanResTime" : 114424.66666666667,
    "medianResTime" : 123735.5,
    "minResTime" : 90711.0,
    "maxResTime" : 127972.0,
    "pct1ResTime" : 127972.0,
    "pct2ResTime" : 127972.0,
    "pct3ResTime" : 127972.0,
    "throughput" : 0.034245695744116164,
    "receivedKBytesPerSec" : 233.08077021245174,
    "sentKBytesPerSec" : 0.07365834460587485
  },
  "EPR" : {
    "transaction" : "EPR",
    "sampleCount" : 12,
    "errorCount" : 0,
    "errorPct" : 0.0,
    "meanResTime" : 110450.83333333331,
    "medianResTime" : 118243.5,
    "minResTime" : 66416.0,
    "maxResTime" : 143942.0,
    "pct1ResTime" : 143942.0,
    "pct2ResTime" : 143942.0,
    "pct3ResTime" : 143942.0,
    "throughput" : 0.03535088701267329,
    "receivedKBytesPerSec" : 22.795159883592476,
    "sentKBytesPerSec" : 0.07196183982218504
  },
  "Total" : {
    "transaction" : "Total",
    "sampleCount" : 60,
    "errorCount" : 6,
    "errorPct" : 10.0,
    "meanResTime" : 23482.833333333336,
    "medianResTime" : 1527.0,
    "minResTime" : 107.0,
    "maxResTime" : 141272.0,
    "pct1ResTime" : 120706.2,
    "pct2ResTime" : 126417.0,
    "pct3ResTime" : 141272.0,
    "throughput" : 0.1716605584117965,
    "receivedKBytesPerSec" : 128.12728992502727,
    "sentKBytesPerSec" : 0.19144175557253088
  },
  "Token" : {
    "transaction" : "Token",
    "sampleCount" : 30,
    "errorCount" : 0,
    "errorPct" : 0.0,
    "meanResTime" : 2172.5333333333333,
    "medianResTime" : 1335.0,
    "minResTime" : 216.0,
    "maxResTime" : 8172.0,
    "pct1ResTime" : 6918.0,
    "pct2ResTime" : 8172.0,
    "pct3ResTime" : 8172.0,
    "throughput" : 0.11022239204635219,
    "receivedKBytesPerSec" : 0.24444829329811113,
    "sentKBytesPerSec" : 0.027878515175786343
  },
  "Interconnection Map" : {
    "transaction" : "Interconnection Map",
    "sampleCount" : 12,
    "errorCount" : 12,
    "errorPct" : 100.0,
    "meanResTime" : 847.8333333333334,
    "medianResTime" : 465.0,
    "minResTime" : 107.0,
    "maxResTime" : 3036.0,
    "pct1ResTime" : 3036.0,
    "pct2ResTime" : 3036.0,
    "pct3ResTime" : 3036.0,
    "throughput" : 1.8729514593413454,
    "receivedKBytesPerSec" : 3.2511437685344156,
    "sentKBytesPerSec" : 4.121773548462619
  }
}