{
  "Enhanced Entity Search" : {
    "transaction" : "Enhanced Entity Search",
    "sampleCount" : 6,
    "errorCount" : 0,
    "errorPct" : 0.0,
    "meanResTime" : 802.0,
    "medianResTime" : 734.0,
    "minResTime" : 629.0,
    "maxResTime" : 1043.0,
    "pct1ResTime" : 1043.0,
    "pct2ResTime" : 1043.0,
    "pct3ResTime" : 1043.0,
    "throughput" : 0.015779549178279974,
    "receivedKBytesPerSec" : 0.34554747145874043,
    "sentKBytesPerSec" : 0.030958119432777806
  },
  "Basic Entity Search" : {
    "transaction" : "Basic Entity Search",
    "sampleCount" : 6,
    "errorCount" : 0,
    "errorPct" : 0.0,
    "meanResTime" : 1582.6666666666667,
    "medianResTime" : 745.0,
    "minResTime" : 641.0,
    "maxResTime" : 3362.0,
    "pct1ResTime" : 3362.0,
    "pct2ResTime" : 3362.0,
    "pct3ResTime" : 3362.0,
    "throughput" : 0.015613168146014348,
    "receivedKBytesPerSec" : 0.03358965764225548,
    "sentKBytesPerSec" : 0.029411915384435234
  },
  "Radial Map" : {
    "transaction" : "Radial Map",
    "sampleCount" : 6,
    "errorCount" : 0,
    "errorPct" : 0.0,
    "meanResTime" : 43302.66666666667,
    "medianResTime" : 20292.0,
    "minResTime" : 14444.0,
    "maxResTime" : 95172.0,
    "pct1ResTime" : 95172.0,
    "pct2ResTime" : 95172.0,
    "pct3ResTime" : 95172.0,
    "throughput" : 0.01524413481912834,
    "receivedKBytesPerSec" : 27.80924692544856,
    "sentKBytesPerSec" : 0.030860440898489307
  },
  "EPR" : {
    "transaction" : "EPR",
    "sampleCount" : 6,
    "errorCount" : 0,
    "errorPct" : 0.0,
    "meanResTime" : 67872.33333333333,
    "medianResTime" : 65327.0,
    "minResTime" : 52293.0,
    "maxResTime" : 85997.0,
    "pct1ResTime" : 85997.0,
    "pct2ResTime" : 85997.0,
    "pct3ResTime" : 85997.0,
    "throughput" : 0.018525322572179287,
    "receivedKBytesPerSec" : 0.06395216337173222,
    "sentKBytesPerSec" : 0.03549480750646071
  },
  "Total" : {
    "transaction" : "Total",
    "sampleCount" : 16,
    "errorCount" : 0,
    "errorPct" : 0.0,
    "meanResTime" : 30532.937500000004,
    "medianResTime" : 17368.0,
    "minResTime" : 601.0,
    "maxResTime" : 95172.0,
    "pct1ResTime" : 88749.5,
    "pct2ResTime" : 95172.0,
    "pct3ResTime" : 95172.0,
    "throughput" : 0.032647997453456194,
    "receivedKBytesPerSec" : 94.43134561335894,
    "sentKBytesPerSec" : 0.061169163685836477
  },
  "Token" : {
    "transaction" : "Token",
    "sampleCount" : 2,
    "errorCount" : 0,
    "errorPct" : 0.0,
    "meanResTime" : 601.0,
    "medianResTime" : 601.0,
    "minResTime" : 601.0,
    "maxResTime" : 601.0,
    "pct1ResTime" : 601.0,
    "pct2ResTime" : 601.0,
    "pct3ResTime" : 601.0,
    "throughput" : 0.5235602094240839,
    "receivedKBytesPerSec" : 1.1611379253926701,
    "sentKBytesPerSec" : 0.13242392015706808
  },
  "Interconnection Map" : {
    "transaction" : "Interconnection Map",
    "sampleCount" : 6,
    "errorCount" : 0,
    "errorPct" : 0.0,
    "meanResTime" : 49082.333333333336,
    "medianResTime" : 45005.0,
    "minResTime" : 37712.0,
    "maxResTime" : 64530.0,
    "pct1ResTime" : 64530.0,
    "pct2ResTime" : 64530.0,
    "pct3ResTime" : 64530.0,
    "throughput" : 0.017850502045370024,
    "receivedKBytesPerSec" : 242.29697959278542,
    "sentKBytesPerSec" : 0.03788002045370026
  }
}