{
  "Enhanced Entity Search" : {
    "transaction" : "Enhanced Entity Search",
    "sampleCount" : 4,
    "errorCount" : 0,
    "errorPct" : 0.0,
    "meanResTime" : 4318.0,
    "medianResTime" : 4318.0,
    "minResTime" : 4318.0,
    "maxResTime" : 4318.0,
    "pct1ResTime" : 4318.0,
    "pct2ResTime" : 4318.0,
    "pct3ResTime" : 4318.0,
    "throughput" : 0.9261403102570039,
    "receivedKBytesPerSec" : 62.19068360731651,
    "sentKBytesPerSec" : 1.8360008103727714
  },
  "Basic Entity Search" : {
    "transaction" : "Basic Entity Search",
    "sampleCount" : 4,
    "errorCount" : 0,
    "errorPct" : 0.0,
    "meanResTime" : 5210.0,
    "medianResTime" : 5210.0,
    "minResTime" : 5210.0,
    "maxResTime" : 5210.0,
    "pct1ResTime" : 5210.0,
    "pct2ResTime" : 5210.0,
    "pct3ResTime" : 5210.0,
    "throughput" : 0.7676069852235655,
    "receivedKBytesPerSec" : 7.922693580886586,
    "sentKBytesPerSec" : 1.5029804739973134
  },
  "Radial Map" : {
    "transaction" : "Radial Map",
    "sampleCount" : 4,
    "errorCount" : 0,
    "errorPct" : 0.0,
    "meanResTime" : 27560.0,
    "medianResTime" : 27560.0,
    "minResTime" : 27560.0,
    "maxResTime" : 27560.0,
    "pct1ResTime" : 27560.0,
    "pct2ResTime" : 27560.0,
    "pct3ResTime" : 27560.0,
    "throughput" : 0.14513788098693758,
    "receivedKBytesPerSec" : 75.7476585177794,
    "sentKBytesPerSec" : 0.294811320754717
  },
  "EPR" : {
    "transaction" : "EPR",
    "sampleCount" : 4,
    "errorCount" : 4,
    "errorPct" : 100.0,
    "meanResTime" : 292.0,
    "medianResTime" : 292.0,
    "minResTime" : 292.0,
    "maxResTime" : 292.0,
    "pct1ResTime" : 292.0,
    "pct2ResTime" : 292.0,
    "pct3ResTime" : 292.0,
    "throughput" : 13.651877133105803,
    "receivedKBytesPerSec" : 7.292555460750854,
    "sentKBytesPerSec" : 26.250533276450515
  },
  "Total" : {
    "transaction" : "Total",
    "sampleCount" : 18,
    "errorCount" : 2,
    "errorPct" : 11.111111,
    "meanResTime" : 19694.55555555556,
    "medianResTime" : 17150.0,
    "minResTime" : 292.0,
    "maxResTime" : 77568.0,
    "pct1ResTime" : 77568.0,
    "pct2ResTime" : 77568.0,
    "pct3ResTime" : 77568.0,
    "throughput" : 0.10151711691387964,
    "receivedKBytesPerSec" : 18.810661324093395,
    "sentKBytesPerSec" : 0.18380149878743443
  },
  "LBO Map" : {
    "transaction" : "LBO Map",
    "sampleCount" : 4,
    "errorCount" : 0,
    "errorPct" : 0.0,
    "meanResTime" : 26559.0,
    "medianResTime" : 26559.0,
    "minResTime" : 26559.0,
    "maxResTime" : 26559.0,
    "pct1ResTime" : 26559.0,
    "pct2ResTime" : 26559.0,
    "pct3ResTime" : 26559.0,
    "throughput" : 0.15060240963855423,
    "receivedKBytesPerSec" : 34.36029273343374,
    "sentKBytesPerSec" : 0.30591114457831325
  },
  "Token" : {
    "transaction" : "Token",
    "sampleCount" : 4,
    "errorCount" : 0,
    "errorPct" : 0.0,
    "meanResTime" : 675.0,
    "medianResTime" : 675.0,
    "minResTime" : 675.0,
    "maxResTime" : 675.0,
    "pct1ResTime" : 675.0,
    "pct2ResTime" : 675.0,
    "pct3ResTime" : 675.0,
    "throughput" : 3.182179793158314,
    "receivedKBytesPerSec" : 7.057353818615752,
    "sentKBytesPerSec" : 0.8266209228321401
  },
  "FPR - 5 Year" : {
    "transaction" : "FPR - 5 Year",
    "sampleCount" : 4,
    "errorCount" : 0,
    "errorPct" : 0.0,
    "meanResTime" : 17150.0,
    "medianResTime" : 17150.0,
    "minResTime" : 17150.0,
    "maxResTime" : 17150.0,
    "pct1ResTime" : 17150.0,
    "pct2ResTime" : 17150.0,
    "pct3ResTime" : 17150.0,
    "throughput" : 0.23323615160349856,
    "receivedKBytesPerSec" : 0.594478862973761,
    "sentKBytesPerSec" : 0.46578899416909625
  },
  "Interconnection Map" : {
    "transaction" : "Interconnection Map",
    "sampleCount" : 4,
    "errorCount" : 0,
    "errorPct" : 0.0,
    "meanResTime" : 17919.0,
    "medianResTime" : 17919.0,
    "minResTime" : 17919.0,
    "maxResTime" : 17919.0,
    "pct1ResTime" : 17919.0,
    "pct2ResTime" : 17919.0,
    "pct3ResTime" : 17919.0,
    "throughput" : 0.2232142857142857,
    "receivedKBytesPerSec" : 0.7136753627232142,
    "sentKBytesPerSec" : 0.46452113560267855
  },
  "Investee Companies Map" : {
    "transaction" : "Investee Companies Map",
    "sampleCount" : 4,
    "errorCount" : 0,
    "errorPct" : 0.0,
    "meanResTime" : 77568.0,
    "medianResTime" : 77568.0,
    "minResTime" : 77568.0,
    "maxResTime" : 77568.0,
    "pct1ResTime" : 77568.0,
    "pct2ResTime" : 77568.0,
    "pct3ResTime" : 77568.0,
    "throughput" : 0.05156765676567657,
    "receivedKBytesPerSec" : 42.88550650719369,
    "sentKBytesPerSec" : 0.10474680280528054
  }
}