{
  "Enhanced Entity Search" : {
    "transaction" : "Enhanced Entity Search",
    "sampleCount" : 60,
    "errorCount" : 0,
    "errorPct" : 0.0,
    "meanResTime" : 4207.5,
    "medianResTime" : 1166.5,
    "minResTime" : 259.0,
    "maxResTime" : 26558.0,
    "pct1ResTime" : 18839.399999999987,
    "pct2ResTime" : 23300.0,
    "pct3ResTime" : 26558.0,
    "throughput" : 0.04562238051498543,
    "receivedKBytesPerSec" : 0.46687199747708236,
    "sentKBytesPerSec" : 0.09409615981215745
  },
  "Radial Map" : {
    "transaction" : "Radial Map",
    "sampleCount" : 60,
    "errorCount" : 18,
    "errorPct" : 30.0,
    "meanResTime" : 156451.26666666666,
    "medianResTime" : 94673.5,
    "minResTime" : 47047.0,
    "maxResTime" : 319214.0,
    "pct1ResTime" : 319207.8,
    "pct2ResTime" : 319211.0,
    "pct3ResTime" : 319214.0,
    "throughput" : 0.043204164881494575,
    "receivedKBytesPerSec" : 40.644811753603044,
    "sentKBytesPerSec" : 0.06488641130004932
  },
  "EPR" : {
    "transaction" : "EPR",
    "sampleCount" : 60,
    "errorCount" : 60,
    "errorPct" : 100.0,
    "meanResTime" : 317913.4666666668,
    "medianResTime" : 319181.0,
    "minResTime" : 300015.0,
    "maxResTime" : 319249.0,
    "pct1ResTime" : 319232.9,
    "pct2ResTime" : 319237.0,
    "pct3ResTime" : 319249.0,
    "throughput" : 0.03854549846396188,
    "receivedKBytesPerSec" : 0.11985240928638148,
    "sentKBytesPerSec" : 0.0
  },
  "Total" : {
    "transaction" : "Total",
    "sampleCount" : 181,
    "errorCount" : 39,
    "errorPct" : 21.54696,
    "meanResTime" : 96868.69060773481,
    "medianResTime" : 46095.0,
    "minResTime" : 259.0,
    "maxResTime" : 319249.0,
    "pct1ResTime" : 319194.8,
    "pct2ResTime" : 319207.9,
    "pct3ResTime" : 319239.16,
    "throughput" : 0.10254010536137456,
    "receivedKBytesPerSec" : 38.829154649953004,
    "sentKBytesPerSec" : 0.17096066340615568
  },
  "LBO Map" : {
    "transaction" : "LBO Map",
    "sampleCount" : 60,
    "errorCount" : 0,
    "errorPct" : 0.0,
    "meanResTime" : 46094.29999999999,
    "medianResTime" : 52643.0,
    "minResTime" : 21047.0,
    "maxResTime" : 75631.0,
    "pct1ResTime" : 70727.0,
    "pct2ResTime" : 71194.0,
    "pct3ResTime" : 75631.0,
    "throughput" : 0.04506446471677735,
    "receivedKBytesPerSec" : 29.933938663320383,
    "sentKBytesPerSec" : 0.09668616111597642
  },
  "Token" : {
    "transaction" : "Token",
    "sampleCount" : 2,
    "errorCount" : 0,
    "errorPct" : 0.0,
    "meanResTime" : 645.0,
    "medianResTime" : 645.0,
    "minResTime" : 645.0,
    "maxResTime" : 645.0,
    "pct1ResTime" : 645.0,
    "pct2ResTime" : 645.0,
    "pct3ResTime" : 645.0,
    "throughput" : 0.5339028296849972,
    "receivedKBytesPerSec" : 1.1840755138814736,
    "sentKBytesPerSec" : 0.13503987586759209
  },
  "Interconnection Map" : {
    "transaction" : "Interconnection Map",
    "sampleCount" : 60,
    "errorCount" : 0,
    "errorPct" : 0.0,
    "meanResTime" : 29831.500000000015,
    "medianResTime" : 29520.5,
    "minResTime" : 6654.0,
    "maxResTime" : 120381.0,
    "pct1ResTime" : 47393.7,
    "pct2ResTime" : 62595.0,
    "pct3ResTime" : 120381.0,
    "throughput" : 0.044367704747714135,
    "receivedKBytesPerSec" : 2.401185380286689,
    "sentKBytesPerSec" : 0.09740097682896619
  },
  "Investee Companies Map" : {
    "transaction" : "Investee Companies Map",
    "sampleCount" : 60,
    "errorCount" : 0,
    "errorPct" : 0.0,
    "meanResTime" : 29921.566666666666,
    "medianResTime" : 21188.0,
    "minResTime" : 12270.0,
    "maxResTime" : 62938.0,
    "pct1ResTime" : 57210.5,
    "pct2ResTime" : 57921.0,
    "pct3ResTime" : 62938.0,
    "throughput" : 0.04633748517200474,
    "receivedKBytesPerSec" : 28.36383534495941,
    "sentKBytesPerSec" : 0.0994174364481391
  }
}