{
  "Enhanced Entity Search" : {
    "transaction" : "Enhanced Entity Search",
    "sampleCount" : 120,
    "errorCount" : 0,
    "errorPct" : 0.0,
    "meanResTime" : 1210.2666666666673,
    "medianResTime" : 956.5,
    "minResTime" : 430.0,
    "maxResTime" : 5556.0,
    "pct1ResTime" : 2612.1000000000026,
    "pct2ResTime" : 2877.0,
    "pct3ResTime" : 5556.0,
    "throughput" : 0.012905537701700111,
    "receivedKBytesPerSec" : 0.19669602237347034,
    "sentKBytesPerSec" : 0.02540777735022209
  },
  "Basic Entity Search" : {
    "transaction" : "Basic Entity Search",
    "sampleCount" : 120,
    "errorCount" : 0,
    "errorPct" : 0.0,
    "meanResTime" : 964.8333333333334,
    "medianResTime" : 839.5,
    "minResTime" : 335.0,
    "maxResTime" : 2590.0,
    "pct1ResTime" : 2072.500000000001,
    "pct2ResTime" : 2390.0,
    "pct3ResTime" : 2590.0,
    "throughput" : 0.012905110230074455,
    "receivedKBytesPerSec" : 0.0386775227500962,
    "sentKBytesPerSec" : 0.02439872402873452
  },
  "Radial Map" : {
    "transaction" : "Radial Map",
    "sampleCount" : 120,
    "errorCount" : 0,
    "errorPct" : 0.0,
    "meanResTime" : 23563.633333333328,
    "medianResTime" : 21153.5,
    "minResTime" : 8150.0,
    "maxResTime" : 58847.0,
    "pct1ResTime" : 53027.70000000001,
    "pct2ResTime" : 53549.0,
    "pct3ResTime" : 58847.0,
    "throughput" : 0.012872094714589189,
    "receivedKBytesPerSec" : 20.13157902146765,
    "sentKBytesPerSec" : 0.02614644238900929
  },
  "EPR" : {
    "transaction" : "EPR",
    "sampleCount" : 126,
    "errorCount" : 12,
    "errorPct" : 9.523809,
    "meanResTime" : 14463.09523809524,
    "medianResTime" : 11154.0,
    "minResTime" : 68.0,
    "maxResTime" : 44588.0,
    "pct1ResTime" : 24660.099999999995,
    "pct2ResTime" : 39386.0,
    "pct3ResTime" : 44588.0,
    "throughput" : 0.013556965886477626,
    "receivedKBytesPerSec" : 0.03206729305318473,
    "sentKBytesPerSec" : 0.027477064787771618
  },
  "Total" : {
    "transaction" : "Total",
    "sampleCount" : 314,
    "errorCount" : 16,
    "errorPct" : 5.0955415,
    "meanResTime" : 314937.17834394914,
    "medianResTime" : 9961.0,
    "minResTime" : 68.0,
    "maxResTime" : 9086300.0,
    "pct1ResTime" : 120425.0,
    "pct2ResTime" : 189704.0,
    "pct3ResTime" : 9019254.0,
    "throughput" : 0.03339095222169465,
    "receivedKBytesPerSec" : 75.89640089035007,
    "sentKBytesPerSec" : 0.0626207049026744
  },
  "Token" : {
    "transaction" : "Token",
    "sampleCount" : 16,
    "errorCount" : 0,
    "errorPct" : 0.0,
    "meanResTime" : 601.0,
    "medianResTime" : 524.0,
    "minResTime" : 491.0,
    "maxResTime" : 865.0,
    "pct1ResTime" : 865.0,
    "pct2ResTime" : 865.0,
    "pct3ResTime" : 865.0,
    "throughput" : 0.0017662050137924052,
    "receivedKBytesPerSec" : 0.003917042564768118,
    "sentKBytesPerSec" : 4.587993492859178E-4
  },
  "Interconnection Map" : {
    "transaction" : "Interconnection Map",
    "sampleCount" : 120,
    "errorCount" : 20,
    "errorPct" : 16.666666,
    "meanResTime" : 1607191.7666666668,
    "medianResTime" : 126987.0,
    "minResTime" : 60969.0,
    "maxResTime" : 9086300.0,
    "pct1ResTime" : 9019225.2,
    "pct2ResTime" : 9019254.0,
    "pct3ResTime" : 9086300.0,
    "throughput" : 0.012802046961962238,
    "receivedKBytesPerSec" : 131.99289228352353,
    "sentKBytesPerSec" : 0.022711964825095767
  }
}