{
  "Enhanced Entity Search" : {
    "transaction" : "Enhanced Entity Search",
    "sampleCount" : 6,
    "errorCount" : 0,
    "errorPct" : 0.0,
    "meanResTime" : 549.3333333333334,
    "medianResTime" : 449.0,
    "minResTime" : 405.0,
    "maxResTime" : 794.0,
    "pct1ResTime" : 794.0,
    "pct2ResTime" : 794.0,
    "pct3ResTime" : 794.0,
    "throughput" : 0.009940522540134859,
    "receivedKBytesPerSec" : 0.027569417982405274,
    "sentKBytesPerSec" : 0.019725724415580112
  },
  "RED List Report" : {
    "transaction" : "RED List Report",
    "sampleCount" : 6,
    "errorCount" : 0,
    "errorPct" : 0.0,
    "meanResTime" : 15950.0,
    "medianResTime" : 15769.0,
    "minResTime" : 11372.0,
    "maxResTime" : 20709.0,
    "pct1ResTime" : 20709.0,
    "pct2ResTime" : 20709.0,
    "pct3ResTime" : 20709.0,
    "throughput" : 0.012874320879573603,
    "receivedKBytesPerSec" : 40.1241034242475,
    "sentKBytesPerSec" : 0.025434327284548242
  },
  "Basic Entity Search" : {
    "transaction" : "Basic Entity Search",
    "sampleCount" : 6,
    "errorCount" : 0,
    "errorPct" : 0.0,
    "meanResTime" : 791.3333333333333,
    "medianResTime" : 390.0,
    "minResTime" : 361.0,
    "maxResTime" : 1623.0,
    "pct1ResTime" : 1623.0,
    "pct2ResTime" : 1623.0,
    "pct3ResTime" : 1623.0,
    "throughput" : 0.009888376707599053,
    "receivedKBytesPerSec" : 0.016445220247110533,
    "sentKBytesPerSec" : 0.018878687952496236
  },
  "Radial Map" : {
    "transaction" : "Radial Map",
    "sampleCount" : 6,
    "errorCount" : 0,
    "errorPct" : 0.0,
    "meanResTime" : 33841.0,
    "medianResTime" : 37874.0,
    "minResTime" : 14479.0,
    "maxResTime" : 49170.0,
    "pct1ResTime" : 49170.0,
    "pct2ResTime" : 49170.0,
    "pct3ResTime" : 49170.0,
    "throughput" : 0.009720613370703691,
    "receivedKBytesPerSec" : 58.905569050782105,
    "sentKBytesPerSec" : 0.019744995909241874
  },
  "EPR" : {
    "transaction" : "EPR",
    "sampleCount" : 6,
    "errorCount" : 0,
    "errorPct" : 0.0,
    "meanResTime" : 186357.33333333334,
    "medianResTime" : 167859.0,
    "minResTime" : 160754.0,
    "maxResTime" : 230459.0,
    "pct1ResTime" : 230459.0,
    "pct2ResTime" : 230459.0,
    "pct3ResTime" : 230459.0,
    "throughput" : 0.008813885983570918,
    "receivedKBytesPerSec" : 0.2009462716527799,
    "sentKBytesPerSec" : 0.016947794435206186
  },
  "Total" : {
    "transaction" : "Total",
    "sampleCount" : 19,
    "errorCount" : 0,
    "errorPct" : 0.0,
    "meanResTime" : 43097.1052631579,
    "medianResTime" : 14592.0,
    "minResTime" : 361.0,
    "maxResTime" : 230459.0,
    "pct1ResTime" : 167859.0,
    "pct2ResTime" : 230459.0,
    "pct3ResTime" : 230459.0,
    "throughput" : 0.023135267035775647,
    "receivedKBytesPerSec" : 41.53025388976898,
    "sentKBytesPerSec" : 0.04380194780683757
  },
  "Token" : {
    "transaction" : "Token",
    "sampleCount" : 2,
    "errorCount" : 0,
    "errorPct" : 0.0,
    "meanResTime" : 1031.0,
    "medianResTime" : 1031.0,
    "minResTime" : 1031.0,
    "maxResTime" : 1031.0,
    "pct1ResTime" : 1031.0,
    "pct2ResTime" : 1031.0,
    "pct3ResTime" : 1031.0,
    "throughput" : 0.471253534401508,
    "receivedKBytesPerSec" : 1.0451335709236569,
    "sentKBytesPerSec" : 0.12241546889726673
  },
  "Interconnection Map" : {
    "transaction" : "Interconnection Map",
    "sampleCount" : 6,
    "errorCount" : 0,
    "errorPct" : 0.0,
    "meanResTime" : 35115.66666666667,
    "medianResTime" : 20986.0,
    "minResTime" : 14592.0,
    "maxResTime" : 69769.0,
    "pct1ResTime" : 69769.0,
    "pct2ResTime" : 69769.0,
    "pct3ResTime" : 69769.0,
    "throughput" : 0.010297600659046443,
    "receivedKBytesPerSec" : 22.28986056405108,
    "sentKBytesPerSec" : 0.02142987012151169
  }
}