{
  "Enhanced Entity Search" : {
    "transaction" : "Enhanced Entity Search",
    "sampleCount" : 4,
    "errorCount" : 0,
    "errorPct" : 0.0,
    "meanResTime" : 246.0,
    "medianResTime" : 246.0,
    "minResTime" : 246.0,
    "maxResTime" : 246.0,
    "pct1ResTime" : 246.0,
    "pct2ResTime" : 246.0,
    "pct3ResTime" : 246.0,
    "throughput" : 16.260162601626018,
    "receivedKBytesPerSec" : 79.23653455284553,
    "sentKBytesPerSec" : 33.64773882113821
  },
  "Radial Map" : {
    "transaction" : "Radial Map",
    "sampleCount" : 4,
    "errorCount" : 0,
    "errorPct" : 0.0,
    "meanResTime" : 18058.0,
    "medianResTime" : 18058.0,
    "minResTime" : 18058.0,
    "maxResTime" : 18058.0,
    "pct1ResTime" : 18058.0,
    "pct2ResTime" : 18058.0,
    "pct3ResTime" : 18058.0,
    "throughput" : 0.22150847269908072,
    "receivedKBytesPerSec" : 225.62974166574372,
    "sentKBytesPerSec" : 0.47676237678591205
  },
  "EPR" : {
    "transaction" : "EPR",
    "sampleCount" : 4,
    "errorCount" : 0,
    "errorPct" : 0.0,
    "meanResTime" : 26858.0,
    "medianResTime" : 26858.0,
    "minResTime" : 26858.0,
    "maxResTime" : 26858.0,
    "pct1ResTime" : 26858.0,
    "pct2ResTime" : 26858.0,
    "pct3ResTime" : 26858.0,
    "throughput" : 0.14892587214713876,
    "receivedKBytesPerSec" : 55.07246756208347,
    "sentKBytesPerSec" : 0.29232519825756725
  },
  "Total" : {
    "transaction" : "Total",
    "sampleCount" : 14,
    "errorCount" : 2,
    "errorPct" : 14.285714,
    "meanResTime" : 52164.28571428571,
    "medianResTime" : 22433.0,
    "minResTime" : 246.0,
    "maxResTime" : 180146.0,
    "pct1ResTime" : 180146.0,
    "pct2ResTime" : 180146.0,
    "pct3ResTime" : 180146.0,
    "throughput" : 0.038334004178406454,
    "receivedKBytesPerSec" : 14.086992476609412,
    "sentKBytesPerSec" : 0.05913747463794902
  },
  "LBO Map" : {
    "transaction" : "LBO Map",
    "sampleCount" : 4,
    "errorCount" : 0,
    "errorPct" : 0.0,
    "meanResTime" : 116514.0,
    "medianResTime" : 116514.0,
    "minResTime" : 116514.0,
    "maxResTime" : 116514.0,
    "pct1ResTime" : 116514.0,
    "pct2ResTime" : 116514.0,
    "pct3ResTime" : 116514.0,
    "throughput" : 0.034330343732566625,
    "receivedKBytesPerSec" : 40.14678904003776,
    "sentKBytesPerSec" : 0.07389070076814144
  },
  "Token" : {
    "transaction" : "Token",
    "sampleCount" : 4,
    "errorCount" : 0,
    "errorPct" : 0.0,
    "meanResTime" : 895.0,
    "medianResTime" : 895.0,
    "minResTime" : 895.0,
    "maxResTime" : 895.0,
    "pct1ResTime" : 895.0,
    "pct2ResTime" : 895.0,
    "pct3ResTime" : 895.0,
    "throughput" : 2.6899798251513114,
    "receivedKBytesPerSec" : 5.965765803631473,
    "sentKBytesPerSec" : 0.6987642905178211
  },
  "Interconnection Map" : {
    "transaction" : "Interconnection Map",
    "sampleCount" : 4,
    "errorCount" : 0,
    "errorPct" : 0.0,
    "meanResTime" : 22433.0,
    "medianResTime" : 22433.0,
    "minResTime" : 22433.0,
    "maxResTime" : 22433.0,
    "pct1ResTime" : 22433.0,
    "pct2ResTime" : 22433.0,
    "pct3ResTime" : 22433.0,
    "throughput" : 0.17830874158605625,
    "receivedKBytesPerSec" : 0.7726131703294254,
    "sentKBytesPerSec" : 0.39266231667632506
  },
  "Investee Companies Map" : {
    "transaction" : "Investee Companies Map",
    "sampleCount" : 4,
    "errorCount" : 4,
    "errorPct" : 100.0,
    "meanResTime" : 180146.0,
    "medianResTime" : 180146.0,
    "minResTime" : 180146.0,
    "maxResTime" : 180146.0,
    "pct1ResTime" : 180146.0,
    "pct2ResTime" : 180146.0,
    "pct3ResTime" : 180146.0,
    "throughput" : 0.022204212139042775,
    "receivedKBytesPerSec" : 0.06904122211983614,
    "sentKBytesPerSec" : 0.0
  }
}