{
  "Enhanced Entity Search" : {
    "transaction" : "Enhanced Entity Search",
    "sampleCount" : 60,
    "errorCount" : 0,
    "errorPct" : 0.0,
    "meanResTime" : 451.4,
    "medianResTime" : 377.0,
    "minResTime" : 260.0,
    "maxResTime" : 1144.0,
    "pct1ResTime" : 692.0,
    "pct2ResTime" : 873.0,
    "pct3ResTime" : 1144.0,
    "throughput" : 0.10228905865084141,
    "receivedKBytesPerSec" : 1.0467646929708665,
    "sentKBytesPerSec" : 0.21097118346736043
  },
  "Radial Map" : {
    "transaction" : "Radial Map",
    "sampleCount" : 60,
    "errorCount" : 60,
    "errorPct" : 100.0,
    "meanResTime" : 29385.999999999996,
    "medianResTime" : 29257.5,
    "minResTime" : 29180.0,
    "maxResTime" : 31069.0,
    "pct1ResTime" : 29495.6,
    "pct2ResTime" : 30884.0,
    "pct3ResTime" : 31069.0,
    "throughput" : 0.09761446516221084,
    "receivedKBytesPerSec" : 0.06434547264110578,
    "sentKBytesPerSec" : 0.20943259761853242
  },
  "EPR" : {
    "transaction" : "EPR",
    "sampleCount" : 60,
    "errorCount" : 60,
    "errorPct" : 100.0,
    "meanResTime" : 29296.333333333343,
    "medianResTime" : 29301.5,
    "minResTime" : 29226.0,
    "maxResTime" : 29408.0,
    "pct1ResTime" : 29345.1,
    "pct2ResTime" : 29354.0,
    "pct3ResTime" : 29408.0,
    "throughput" : 0.09768455053710222,
    "receivedKBytesPerSec" : 0.064391671496625,
    "sentKBytesPerSec" : 0.19107632297442945
  },
  "Total" : {
    "transaction" : "Total",
    "sampleCount" : 181,
    "errorCount" : 150,
    "errorPct" : 82.872925,
    "meanResTime" : 25981.90607734808,
    "medianResTime" : 29262.0,
    "minResTime" : 260.0,
    "maxResTime" : 319182.0,
    "pct1ResTime" : 29393.0,
    "pct2ResTime" : 29515.8,
    "pct3ResTime" : 82929.34000000198,
    "throughput" : 0.2463919237900251,
    "receivedKBytesPerSec" : 0.5588698029681378,
    "sentKBytesPerSec" : 0.5139780941754856
  },
  "LBO Map" : {
    "transaction" : "LBO Map",
    "sampleCount" : 60,
    "errorCount" : 60,
    "errorPct" : 100.0,
    "meanResTime" : 29305.100000000006,
    "medianResTime" : 29251.5,
    "minResTime" : 29180.0,
    "maxResTime" : 29783.0,
    "pct1ResTime" : 29590.9,
    "pct2ResTime" : 29630.0,
    "pct3ResTime" : 29783.0,
    "throughput" : 0.09769695706544394,
    "receivedKBytesPerSec" : 0.06439984962810025,
    "sentKBytesPerSec" : 0.20960958464138704
  },
  "Token" : {
    "transaction" : "Token",
    "sampleCount" : 2,
    "errorCount" : 0,
    "errorPct" : 0.0,
    "meanResTime" : 697.0,
    "medianResTime" : 697.0,
    "minResTime" : 697.0,
    "maxResTime" : 697.0,
    "pct1ResTime" : 697.0,
    "pct2ResTime" : 697.0,
    "pct3ResTime" : 697.0,
    "throughput" : 0.5252100840336135,
    "receivedKBytesPerSec" : 1.1647969734768908,
    "sentKBytesPerSec" : 0.1328412224264706
  },
  "Interconnection Map" : {
    "transaction" : "Interconnection Map",
    "sampleCount" : 60,
    "errorCount" : 60,
    "errorPct" : 100.0,
    "meanResTime" : 38976.933333333334,
    "medianResTime" : 29272.5,
    "minResTime" : 29199.0,
    "maxResTime" : 319182.0,
    "pct1ResTime" : 29739.6,
    "pct2ResTime" : 30088.0,
    "pct3ResTime" : 319182.0,
    "throughput" : 0.097631937359349,
    "receivedKBytesPerSec" : 0.07233090046749426,
    "sentKBytesPerSec" : 0.20718819206805597
  },
  "Investee Companies Map" : {
    "transaction" : "Investee Companies Map",
    "sampleCount" : 60,
    "errorCount" : 60,
    "errorPct" : 100.0,
    "meanResTime" : 29318.5,
    "medianResTime" : 29316.0,
    "minResTime" : 29227.0,
    "maxResTime" : 29517.0,
    "pct1ResTime" : 29394.2,
    "pct2ResTime" : 29407.0,
    "pct3ResTime" : 29517.0,
    "throughput" : 0.09767278315339836,
    "receivedKBytesPerSec" : 0.0643839146763124,
    "sentKBytesPerSec" : 0.20955771932423456
  }
}