{
  "Enhanced Entity Search" : {
    "transaction" : "Enhanced Entity Search",
    "sampleCount" : 60,
    "errorCount" : 0,
    "errorPct" : 0.0,
    "meanResTime" : 239.80000000000007,
    "medianResTime" : 226.0,
    "minResTime" : 198.0,
    "maxResTime" : 379.0,
    "pct1ResTime" : 311.5,
    "pct2ResTime" : 314.0,
    "pct3ResTime" : 379.0,
    "throughput" : 0.3314990386527879,
    "receivedKBytesPerSec" : 1.9109754152025458,
    "sentKBytesPerSec" : 0.705082916197043
  },
  "Radial Map" : {
    "transaction" : "Radial Map",
    "sampleCount" : 60,
    "errorCount" : 60,
    "errorPct" : 100.0,
    "meanResTime" : 29342.53333333334,
    "medianResTime" : 29269.0,
    "minResTime" : 29209.0,
    "maxResTime" : 31015.0,
    "pct1ResTime" : 29473.6,
    "pct2ResTime" : 29485.0,
    "pct3ResTime" : 31015.0,
    "throughput" : 0.2868452756583099,
    "receivedKBytesPerSec" : 0.18908257916929608,
    "sentKBytesPerSec" : 0.6291547745396133
  },
  "EPR" : {
    "transaction" : "EPR",
    "sampleCount" : 60,
    "errorCount" : 60,
    "errorPct" : 100.0,
    "meanResTime" : 29336.46666666667,
    "medianResTime" : 29319.5,
    "minResTime" : 29254.0,
    "maxResTime" : 29520.0,
    "pct1ResTime" : 29389.7,
    "pct2ResTime" : 29516.0,
    "pct3ResTime" : 29520.0,
    "throughput" : 0.28702503336666013,
    "receivedKBytesPerSec" : 0.1892010717993121,
    "sentKBytesPerSec" : 0.5748909603857617
  },
  "Total" : {
    "transaction" : "Total",
    "sampleCount" : 121,
    "errorCount" : 90,
    "errorPct" : 74.380165,
    "meanResTime" : 21872.21487603307,
    "medianResTime" : 29265.0,
    "minResTime" : 198.0,
    "maxResTime" : 31015.0,
    "pct1ResTime" : 29375.6,
    "pct2ResTime" : 29473.7,
    "pct3ResTime" : 30719.54,
    "throughput" : 0.4492212878914444,
    "receivedKBytesPerSec" : 0.8705366465723673,
    "sentKBytesPerSec" : 0.9550411805516882
  },
  "Token" : {
    "transaction" : "Token",
    "sampleCount" : 2,
    "errorCount" : 0,
    "errorPct" : 0.0,
    "meanResTime" : 429.0,
    "medianResTime" : 429.0,
    "minResTime" : 429.0,
    "maxResTime" : 429.0,
    "pct1ResTime" : 429.0,
    "pct2ResTime" : 429.0,
    "pct3ResTime" : 429.0,
    "throughput" : 0.5600672080649678,
    "receivedKBytesPerSec" : 1.2421021772612713,
    "sentKBytesPerSec" : 0.14165762391486977
  },
  "Interconnection Map" : {
    "transaction" : "Interconnection Map",
    "sampleCount" : 60,
    "errorCount" : 60,
    "errorPct" : 100.0,
    "meanResTime" : 29284.833333333343,
    "medianResTime" : 29266.5,
    "minResTime" : 29208.0,
    "maxResTime" : 29672.0,
    "pct1ResTime" : 29347.5,
    "pct2ResTime" : 29380.0,
    "pct3ResTime" : 29672.0,
    "throughput" : 0.2870497505059252,
    "receivedKBytesPerSec" : 0.18921736483544874,
    "sentKBytesPerSec" : 0.6438996844844825
  }
}