{
  "Total" : {
    "transaction" : "Total",
    "sampleCount" : 4,
    "errorCount" : 0,
    "errorPct" : 0.0,
    "meanResTime" : 49857.0,
    "medianResTime" : 63286.0,
    "minResTime" : 923.0,
    "maxResTime" : 71933.0,
    "pct1ResTime" : 71933.0,
    "pct2ResTime" : 71933.0,
    "pct3ResTime" : 71933.0,
    "throughput" : 0.019957092251658932,
    "receivedKBytesPerSec" : 184.84234481801627,
    "sentKBytesPerSec" : 0.03316112545527117
  },
  "Token" : {
    "transaction" : "Token",
    "sampleCount" : 2,
    "errorCount" : 0,
    "errorPct" : 0.0,
    "meanResTime" : 923.0,
    "medianResTime" : 923.0,
    "minResTime" : 923.0,
    "maxResTime" : 923.0,
    "pct1ResTime" : 923.0,
    "pct2ResTime" : 923.0,
    "pct3ResTime" : 923.0,
    "throughput" : 0.49019607843137253,
    "receivedKBytesPerSec" : 1.0871438419117647,
    "sentKBytesPerSec" : 0.1273360906862745
  },
  "Interconnection Map" : {
    "transaction" : "Interconnection Map",
    "sampleCount" : 6,
    "errorCount" : 0,
    "errorPct" : 0.0,
    "meanResTime" : 66168.33333333334,
    "medianResTime" : 63526.0,
    "minResTime" : 63046.0,
    "maxResTime" : 71933.0,
    "pct1ResTime" : 71933.0,
    "pct2ResTime" : 71933.0,
    "pct3ResTime" : 71933.0,
    "throughput" : 0.030095402425689435,
    "receivedKBytesPerSec" : 371.63541826026,
    "sentKBytesPerSec" : 0.0640702903203154
  }
}