{
  "Enhanced Entity Search" : {
    "transaction" : "Enhanced Entity Search",
    "sampleCount" : 40,
    "errorCount" : 0,
    "errorPct" : 0.0,
    "meanResTime" : 4737.1,
    "medianResTime" : 4676.5,
    "minResTime" : 529.0,
    "maxResTime" : 10434.0,
    "pct1ResTime" : 10335.3,
    "pct2ResTime" : 10434.0,
    "pct3ResTime" : 10434.0,
    "throughput" : 2.7468754291992856,
    "receivedKBytesPerSec" : 11.585698221398161,
    "sentKBytesPerSec" : 5.8102853316852086
  },
  "Basic Entity Search" : {
    "transaction" : "Basic Entity Search",
    "sampleCount" : 40,
    "errorCount" : 0,
    "errorPct" : 0.0,
    "meanResTime" : 1711.8,
    "medianResTime" : 1676.0,
    "minResTime" : 195.0,
    "maxResTime" : 4041.0,
    "pct1ResTime" : 3941.8999999999987,
    "pct2ResTime" : 4041.0,
    "pct3ResTime" : 4041.0,
    "throughput" : 3.4411562284927735,
    "receivedKBytesPerSec" : 2.3120268410185822,
    "sentKBytesPerSec" : 6.418562887130076
  },
  "Radial Map" : {
    "transaction" : "Radial Map",
    "sampleCount" : 40,
    "errorCount" : 0,
    "errorPct" : 0.0,
    "meanResTime" : 148630.4,
    "medianResTime" : 152261.0,
    "minResTime" : 139803.0,
    "maxResTime" : 155740.0,
    "pct1ResTime" : 155614.9,
    "pct2ResTime" : 155740.0,
    "pct3ResTime" : 155740.0,
    "throughput" : 0.23742395014097045,
    "receivedKBytesPerSec" : 86.31658999851611,
    "sentKBytesPerSec" : 0.522379062175397
  },
  "EPR" : {
    "transaction" : "EPR",
    "sampleCount" : 40,
    "errorCount" : 0,
    "errorPct" : 0.0,
    "meanResTime" : 7097.600000000001,
    "medianResTime" : 7373.0,
    "minResTime" : 4173.0,
    "maxResTime" : 10498.0,
    "pct1ResTime" : 10272.399999999998,
    "pct2ResTime" : 10498.0,
    "pct3ResTime" : 10498.0,
    "throughput" : 1.0909586799399973,
    "receivedKBytesPerSec" : 76.34068594027002,
    "sentKBytesPerSec" : 2.0689860902768307
  },
  "Total" : {
    "transaction" : "Total",
    "sampleCount" : 101,
    "errorCount" : 0,
    "errorPct" : 0.0,
    "meanResTime" : 38779.92079207922,
    "medianResTime" : 7855.0,
    "minResTime" : 195.0,
    "maxResTime" : 155740.0,
    "pct1ResTime" : 152665.4,
    "pct2ResTime" : 154377.0,
    "pct3ResTime" : 155740.0,
    "throughput" : 0.48209793748001206,
    "receivedKBytesPerSec" : 42.78663478187455,
    "sentKBytesPerSec" : 0.9869340569973413
  },
  "Login" : {
    "transaction" : "Login",
    "sampleCount" : 2,
    "errorCount" : 0,
    "errorPct" : 0.0,
    "meanResTime" : 684.5,
    "medianResTime" : 684.5,
    "minResTime" : 380.0,
    "maxResTime" : 989.0,
    "pct1ResTime" : 989.0,
    "pct2ResTime" : 989.0,
    "pct3ResTime" : 989.0,
    "throughput" : 2.0222446916076846,
    "receivedKBytesPerSec" : 4.484880561172902,
    "sentKBytesPerSec" : 0.5253096562184024
  },
  "Interconnection Map" : {
    "transaction" : "Interconnection Map",
    "sampleCount" : 40,
    "errorCount" : 0,
    "errorPct" : 0.0,
    "meanResTime" : 33642.700000000004,
    "medianResTime" : 35455.0,
    "minResTime" : 18124.0,
    "maxResTime" : 43168.0,
    "pct1ResTime" : 42865.1,
    "pct2ResTime" : 43168.0,
    "pct3ResTime" : 43168.0,
    "throughput" : 0.7811432030777042,
    "receivedKBytesPerSec" : 7.546728230515359,
    "sentKBytesPerSec" : 1.7560465366063234
  }
}