{
  "Enhanced Entity Search" : {
    "transaction" : "Enhanced Entity Search",
    "sampleCount" : 4,
    "errorCount" : 0,
    "errorPct" : 0.0,
    "meanResTime" : 312.0,
    "medianResTime" : 312.0,
    "minResTime" : 312.0,
    "maxResTime" : 312.0,
    "pct1ResTime" : 312.0,
    "pct2ResTime" : 312.0,
    "pct3ResTime" : 312.0,
    "throughput" : 12.779552715654951,
    "receivedKBytesPerSec" : 62.275359424920126,
    "sentKBytesPerSec" : 26.44518769968051
  },
  "Radial Map" : {
    "transaction" : "Radial Map",
    "sampleCount" : 4,
    "errorCount" : 0,
    "errorPct" : 0.0,
    "meanResTime" : 17442.0,
    "medianResTime" : 17442.0,
    "minResTime" : 17442.0,
    "maxResTime" : 17442.0,
    "pct1ResTime" : 17442.0,
    "pct2ResTime" : 17442.0,
    "pct3ResTime" : 17442.0,
    "throughput" : 0.22931835120105487,
    "receivedKBytesPerSec" : 233.5849266181276,
    "sentKBytesPerSec" : 0.4935719199678954
  },
  "EPR" : {
    "transaction" : "EPR",
    "sampleCount" : 4,
    "errorCount" : 0,
    "errorPct" : 0.0,
    "meanResTime" : 26406.0,
    "medianResTime" : 26406.0,
    "minResTime" : 26406.0,
    "maxResTime" : 26406.0,
    "pct1ResTime" : 26406.0,
    "pct2ResTime" : 26406.0,
    "pct3ResTime" : 26406.0,
    "throughput" : 0.15147498769265724,
    "receivedKBytesPerSec" : 56.018083510054154,
    "sentKBytesPerSec" : 0.2847552258870754
  },
  "Total" : {
    "transaction" : "Total",
    "sampleCount" : 13,
    "errorCount" : 0,
    "errorPct" : 0.0,
    "meanResTime" : 30805.153846153848,
    "medianResTime" : 17442.0,
    "minResTime" : 312.0,
    "maxResTime" : 115962.0,
    "pct1ResTime" : 115962.0,
    "pct2ResTime" : 115962.0,
    "pct3ResTime" : 115962.0,
    "throughput" : 0.06476877547156651,
    "receivedKBytesPerSec" : 30.704559527175483,
    "sentKBytesPerSec" : 0.1269102117938958
  },
  "LBO Map" : {
    "transaction" : "LBO Map",
    "sampleCount" : 4,
    "errorCount" : 0,
    "errorPct" : 0.0,
    "meanResTime" : 115962.0,
    "medianResTime" : 115962.0,
    "minResTime" : 115962.0,
    "maxResTime" : 115962.0,
    "pct1ResTime" : 115962.0,
    "pct2ResTime" : 115962.0,
    "pct3ResTime" : 115962.0,
    "throughput" : 0.0344937609409898,
    "receivedKBytesPerSec" : 40.33789333666773,
    "sentKBytesPerSec" : 0.07424243077533352
  },
  "IC Map" : {
    "transaction" : "IC Map",
    "sampleCount" : 4,
    "errorCount" : 0,
    "errorPct" : 0.0,
    "meanResTime" : 23422.0,
    "medianResTime" : 23422.0,
    "minResTime" : 23422.0,
    "maxResTime" : 23422.0,
    "pct1ResTime" : 23422.0,
    "pct2ResTime" : 23422.0,
    "pct3ResTime" : 23422.0,
    "throughput" : 0.17077960891469557,
    "receivedKBytesPerSec" : 87.5430618115447,
    "sentKBytesPerSec" : 0.36757642387498934
  },
  "Login" : {
    "transaction" : "Login",
    "sampleCount" : 2,
    "errorCount" : 0,
    "errorPct" : 0.0,
    "meanResTime" : 1154.0,
    "medianResTime" : 1154.0,
    "minResTime" : 863.0,
    "maxResTime" : 1445.0,
    "pct1ResTime" : 1445.0,
    "pct2ResTime" : 1445.0,
    "pct3ResTime" : 1445.0,
    "throughput" : 1.3831258644536653,
    "receivedKBytesPerSec" : 3.0674598029045645,
    "sentKBytesPerSec" : 0.35928855463347165
  },
  "Interconnection Map" : {
    "transaction" : "Interconnection Map",
    "sampleCount" : 4,
    "errorCount" : 0,
    "errorPct" : 0.0,
    "meanResTime" : 16258.0,
    "medianResTime" : 16258.0,
    "minResTime" : 16258.0,
    "maxResTime" : 16258.0,
    "pct1ResTime" : 16258.0,
    "pct2ResTime" : 16258.0,
    "pct3ResTime" : 16258.0,
    "throughput" : 0.2460175902577034,
    "receivedKBytesPerSec" : 1.2248024171228242,
    "sentKBytesPerSec" : 0.5412867488775447
  }
}