{
  "Enhanced Entity Search" : {
    "transaction" : "Enhanced Entity Search",
    "sampleCount" : 40,
    "errorCount" : 0,
    "errorPct" : 0.0,
    "meanResTime" : 1384.0999999999997,
    "medianResTime" : 1582.5,
    "minResTime" : 403.0,
    "maxResTime" : 2469.0,
    "pct1ResTime" : 2441.0999999999995,
    "pct2ResTime" : 2469.0,
    "pct3ResTime" : 2469.0,
    "throughput" : 3.0595074193054916,
    "receivedKBytesPerSec" : 8.485352608230075,
    "sentKBytesPerSec" : 6.071210035184335
  },
  "RED List Report" : {
    "transaction" : "RED List Report",
    "sampleCount" : 40,
    "errorCount" : 0,
    "errorPct" : 0.0,
    "meanResTime" : 6774.500000000001,
    "medianResTime" : 6199.5,
    "minResTime" : 3444.0,
    "maxResTime" : 10397.0,
    "pct1ResTime" : 10367.699999999999,
    "pct2ResTime" : 10397.0,
    "pct3ResTime" : 10397.0,
    "throughput" : 0.887941751021133,
    "receivedKBytesPerSec" : 2767.3589143802164,
    "sentKBytesPerSec" : 1.7542052366364767
  },
  "Basic Entity Search" : {
    "transaction" : "Basic Entity Search",
    "sampleCount" : 40,
    "errorCount" : 0,
    "errorPct" : 0.0,
    "meanResTime" : 956.6000000000001,
    "medianResTime" : 610.5,
    "minResTime" : 166.0,
    "maxResTime" : 2870.0,
    "pct1ResTime" : 2769.6999999999985,
    "pct2ResTime" : 2870.0,
    "pct3ResTime" : 2870.0,
    "throughput" : 3.71298616912652,
    "receivedKBytesPerSec" : 6.175015084006312,
    "sentKBytesPerSec" : 7.088757774064792
  },
  "Radial Map" : {
    "transaction" : "Radial Map",
    "sampleCount" : 40,
    "errorCount" : 0,
    "errorPct" : 0.0,
    "meanResTime" : 60395.00000000001,
    "medianResTime" : 52181.0,
    "minResTime" : 42194.0,
    "maxResTime" : 114307.0,
    "pct1ResTime" : 109957.39999999994,
    "pct2ResTime" : 114307.0,
    "pct3ResTime" : 114307.0,
    "throughput" : 0.3151243953550664,
    "receivedKBytesPerSec" : 1885.1390658728158,
    "sentKBytesPerSec" : 0.6400964280649787
  },
  "EPR" : {
    "transaction" : "EPR",
    "sampleCount" : 40,
    "errorCount" : 0,
    "errorPct" : 0.0,
    "meanResTime" : 9650.600000000002,
    "medianResTime" : 8879.0,
    "minResTime" : 4899.0,
    "maxResTime" : 21594.0,
    "pct1ResTime" : 20454.999999999985,
    "pct2ResTime" : 21594.0,
    "pct3ResTime" : 21594.0,
    "throughput" : 0.8432947525984019,
    "receivedKBytesPerSec" : 19.215837997807434,
    "sentKBytesPerSec" : 1.6215306326818881
  },
  "Total" : {
    "transaction" : "Total",
    "sampleCount" : 122,
    "errorCount" : 0,
    "errorPct" : 0.0,
    "meanResTime" : 22715.819672131143,
    "medianResTime" : 7658.0,
    "minResTime" : 166.0,
    "maxResTime" : 114307.0,
    "pct1ResTime" : 69585.50000000001,
    "pct2ResTime" : 71514.05,
    "pct3ResTime" : 114307.0,
    "throughput" : 0.7914163758319602,
    "receivedKBytesPerSec" : 1184.557452490691,
    "sentKBytesPerSec" : 1.547838322391894
  },
  "Token" : {
    "transaction" : "Token",
    "sampleCount" : 4,
    "errorCount" : 0,
    "errorPct" : 0.0,
    "meanResTime" : 360.0,
    "medianResTime" : 360.0,
    "minResTime" : 360.0,
    "maxResTime" : 360.0,
    "pct1ResTime" : 360.0,
    "pct2ResTime" : 360.0,
    "pct3ResTime" : 360.0,
    "throughput" : 4.188481675392671,
    "receivedKBytesPerSec" : 9.289103403141361,
    "sentKBytesPerSec" : 1.0880235602094241
  },
  "Interconnection Map" : {
    "transaction" : "Interconnection Map",
    "sampleCount" : 40,
    "errorCount" : 0,
    "errorPct" : 0.0,
    "meanResTime" : 59369.7,
    "medianResTime" : 64575.5,
    "minResTime" : 14414.0,
    "maxResTime" : 74322.0,
    "pct1ResTime" : 74041.7,
    "pct2ResTime" : 74322.0,
    "pct3ResTime" : 74322.0,
    "throughput" : 0.44068394147717255,
    "receivedKBytesPerSec" : 1.7463822602679357,
    "sentKBytesPerSec" : 0.9170873821170457
  }
}