{
  "RED List Report" : {
    "transaction" : "RED List Report",
    "sampleCount" : 6,
    "errorCount" : 0,
    "errorPct" : 0.0,
    "meanResTime" : 47710.666666666664,
    "medianResTime" : 42928.0,
    "minResTime" : 14011.0,
    "maxResTime" : 86193.0,
    "pct1ResTime" : 86193.0,
    "pct2ResTime" : 86193.0,
    "pct3ResTime" : 86193.0,
    "throughput" : 0.034942635839496826,
    "receivedKBytesPerSec" : 0.5244466506027604,
    "sentKBytesPerSec" : 0.06886156164463339
  },
  "FPR - 1 Year" : {
    "transaction" : "FPR - 1 Year",
    "sampleCount" : 6,
    "errorCount" : 0,
    "errorPct" : 0.0,
    "meanResTime" : 5131.0,
    "medianResTime" : 2024.0,
    "minResTime" : 336.0,
    "maxResTime" : 13033.0,
    "pct1ResTime" : 13033.0,
    "pct2ResTime" : 13033.0,
    "pct3ResTime" : 13033.0,
    "throughput" : 0.0703037120359955,
    "receivedKBytesPerSec" : 0.2965251291830709,
    "sentKBytesPerSec" : 0.14067608004077617
  },
  "Total" : {
    "transaction" : "Total",
    "sampleCount" : 10,
    "errorCount" : 0,
    "errorPct" : 0.0,
    "meanResTime" : 17556.1,
    "medianResTime" : 6469.0,
    "minResTime" : 336.0,
    "maxResTime" : 86193.0,
    "pct1ResTime" : 81866.50000000001,
    "pct2ResTime" : 86193.0,
    "pct3ResTime" : 86193.0,
    "throughput" : 0.05673823249058145,
    "receivedKBytesPerSec" : 0.6196878829830693,
    "sentKBytesPerSec" : 0.10291561819141211
  },
  "Token" : {
    "transaction" : "Token",
    "sampleCount" : 2,
    "errorCount" : 0,
    "errorPct" : 0.0,
    "meanResTime" : 489.0,
    "medianResTime" : 489.0,
    "minResTime" : 489.0,
    "maxResTime" : 489.0,
    "pct1ResTime" : 489.0,
    "pct2ResTime" : 489.0,
    "pct3ResTime" : 489.0,
    "throughput" : 0.5581914596706671,
    "receivedKBytesPerSec" : 1.2379421922969578,
    "sentKBytesPerSec" : 0.14118319145967065
  },
  "FPR - 5 Year" : {
    "transaction" : "FPR - 5 Year",
    "sampleCount" : 6,
    "errorCount" : 0,
    "errorPct" : 0.0,
    "meanResTime" : 5515.666666666667,
    "medianResTime" : 6089.0,
    "minResTime" : 3609.0,
    "maxResTime" : 6849.0,
    "pct1ResTime" : 6849.0,
    "pct2ResTime" : 6849.0,
    "pct3ResTime" : 6849.0,
    "throughput" : 0.07905034189272868,
    "receivedKBytesPerSec" : 1.2996215876602417,
    "sentKBytesPerSec" : 0.1573287077904112
  }
}