{
  "Enhanced Entity Search" : {
    "transaction" : "Enhanced Entity Search",
    "sampleCount" : 40,
    "errorCount" : 0,
    "errorPct" : 0.0,
    "meanResTime" : 2472.6000000000004,
    "medianResTime" : 1247.0,
    "minResTime" : 269.0,
    "maxResTime" : 8058.0,
    "pct1ResTime" : 7958.899999999999,
    "pct2ResTime" : 8058.0,
    "pct3ResTime" : 8058.0,
    "throughput" : 2.488955261029183,
    "receivedKBytesPerSec" : 8.560644950532014,
    "sentKBytesPerSec" : 5.174790772198369
  },
  "Radial Map" : {
    "transaction" : "Radial Map",
    "sampleCount" : 40,
    "errorCount" : 0,
    "errorPct" : 0.0,
    "meanResTime" : 97257.90000000001,
    "medianResTime" : 102996.0,
    "minResTime" : 72533.0,
    "maxResTime" : 114616.0,
    "pct1ResTime" : 114485.9,
    "pct2ResTime" : 114616.0,
    "pct3ResTime" : 114616.0,
    "throughput" : 0.3067320005827908,
    "receivedKBytesPerSec" : 701.8007804412339,
    "sentKBytesPerSec" : 0.6601927043793661
  },
  "EPR" : {
    "transaction" : "EPR",
    "sampleCount" : 40,
    "errorCount" : 0,
    "errorPct" : 0.0,
    "meanResTime" : 8223.0,
    "medianResTime" : 8559.0,
    "minResTime" : 5592.0,
    "maxResTime" : 11342.0,
    "pct1ResTime" : 11100.699999999997,
    "pct2ResTime" : 11342.0,
    "pct3ResTime" : 11342.0,
    "throughput" : 0.687320652267299,
    "receivedKBytesPerSec" : 124.00459323504647,
    "sentKBytesPerSec" : 1.2900686461501452
  },
  "Total" : {
    "transaction" : "Total",
    "sampleCount" : 81,
    "errorCount" : 0,
    "errorPct" : 0.0,
    "meanResTime" : 36027.77777777778,
    "medianResTime" : 11342.0,
    "minResTime" : 269.0,
    "maxResTime" : 114616.0,
    "pct1ResTime" : 107428.8,
    "pct2ResTime" : 113036.39999999998,
    "pct3ResTime" : 114616.0,
    "throughput" : 0.47629968070280665,
    "receivedKBytesPerSec" : 291.7041704428852,
    "sentKBytesPerSec" : 0.978658485043602
  },
  "Login" : {
    "transaction" : "Login",
    "sampleCount" : 2,
    "errorCount" : 0,
    "errorPct" : 0.0,
    "meanResTime" : 1384.5,
    "medianResTime" : 1384.5,
    "minResTime" : 1050.0,
    "maxResTime" : 1719.0,
    "pct1ResTime" : 1719.0,
    "pct2ResTime" : 1719.0,
    "pct3ResTime" : 1719.0,
    "throughput" : 1.1634671320535195,
    "receivedKBytesPerSec" : 2.5803065008726,
    "sentKBytesPerSec" : 0.30222876672484
  },
  "Interconnection Map" : {
    "transaction" : "Interconnection Map",
    "sampleCount" : 40,
    "errorCount" : 0,
    "errorPct" : 0.0,
    "meanResTime" : 37906.500000000015,
    "medianResTime" : 39741.5,
    "minResTime" : 26631.0,
    "maxResTime" : 45446.0,
    "pct1ResTime" : 45238.5,
    "pct2ResTime" : 45446.0,
    "pct3ResTime" : 45446.0,
    "throughput" : 0.47661034721063794,
    "receivedKBytesPerSec" : 4.010229249577009,
    "sentKBytesPerSec" : 1.048635851821843
  }
}