{
  "Radial Map" : {
    "transaction" : "Radial Map",
    "sampleCount" : 4,
    "errorCount" : 0,
    "errorPct" : 0.0,
    "meanResTime" : 55064.0,
    "medianResTime" : 55064.0,
    "minResTime" : 55064.0,
    "maxResTime" : 55064.0,
    "pct1ResTime" : 55064.0,
    "pct2ResTime" : 55064.0,
    "pct3ResTime" : 55064.0,
    "throughput" : 0.07264142377190592,
    "receivedKBytesPerSec" : 385.2000902342686,
    "sentKBytesPerSec" : 0.14755289203668392
  },
  "EPR" : {
    "transaction" : "EPR",
    "sampleCount" : 4,
    "errorCount" : 0,
    "errorPct" : 0.0,
    "meanResTime" : 26824.0,
    "medianResTime" : 26824.0,
    "minResTime" : 26824.0,
    "maxResTime" : 26824.0,
    "pct1ResTime" : 26824.0,
    "pct2ResTime" : 26824.0,
    "pct3ResTime" : 26824.0,
    "throughput" : 0.14911463187325255,
    "receivedKBytesPerSec" : 1.623514678471575,
    "sentKBytesPerSec" : 0.286725302889096
  },
  "Token" : {
    "transaction" : "Token",
    "sampleCount" : 4,
    "errorCount" : 0,
    "errorPct" : 0.0,
    "meanResTime" : 830.0,
    "medianResTime" : 830.0,
    "minResTime" : 830.0,
    "maxResTime" : 830.0,
    "pct1ResTime" : 830.0,
    "pct2ResTime" : 830.0,
    "pct3ResTime" : 830.0,
    "throughput" : 2.5957170668397143,
    "receivedKBytesPerSec" : 5.756712362102531,
    "sentKBytesPerSec" : 0.6742780661907852
  },
  "FPR - 5 Year" : {
    "transaction" : "FPR - 5 Year",
    "sampleCount" : 4,
    "errorCount" : 0,
    "errorPct" : 0.0,
    "meanResTime" : 1143.0,
    "medianResTime" : 1143.0,
    "minResTime" : 1143.0,
    "maxResTime" : 1143.0,
    "pct1ResTime" : 1143.0,
    "pct2ResTime" : 1143.0,
    "pct3ResTime" : 1143.0,
    "throughput" : 3.499562554680665,
    "receivedKBytesPerSec" : 58.234908136482936,
    "sentKBytesPerSec" : 6.988872484689414
  },
  "Interconnection Map" : {
    "transaction" : "Interconnection Map",
    "sampleCount" : 4,
    "errorCount" : 0,
    "errorPct" : 0.0,
    "meanResTime" : 21275.0,
    "medianResTime" : 21275.0,
    "minResTime" : 21275.0,
    "maxResTime" : 21275.0,
    "pct1ResTime" : 21275.0,
    "pct2ResTime" : 21275.0,
    "pct3ResTime" : 21275.0,
    "throughput" : 0.18801410105757932,
    "receivedKBytesPerSec" : 1.85682285546416,
    "sentKBytesPerSec" : 0.39126762632197415
  },
  "Enhanced Entity Search" : {
    "transaction" : "Enhanced Entity Search",
    "sampleCount" : 4,
    "errorCount" : 0,
    "errorPct" : 0.0,
    "meanResTime" : 308.0,
    "medianResTime" : 308.0,
    "minResTime" : 308.0,
    "maxResTime" : 308.0,
    "pct1ResTime" : 308.0,
    "pct2ResTime" : 308.0,
    "pct3ResTime" : 308.0,
    "throughput" : 12.987012987012989,
    "receivedKBytesPerSec" : 24.566254058441558,
    "sentKBytesPerSec" : 25.390625
  },
  "RED List Report" : {
    "transaction" : "RED List Report",
    "sampleCount" : 4,
    "errorCount" : 0,
    "errorPct" : 0.0,
    "meanResTime" : 11781.0,
    "medianResTime" : 11781.0,
    "minResTime" : 11781.0,
    "maxResTime" : 11781.0,
    "pct1ResTime" : 11781.0,
    "pct2ResTime" : 11781.0,
    "pct3ResTime" : 11781.0,
    "throughput" : 0.33952975129445717,
    "receivedKBytesPerSec" : 5.2434799677446735,
    "sentKBytesPerSec" : 0.6714333460656989
  },
  "FPR - 1 Year" : {
    "transaction" : "FPR - 1 Year",
    "sampleCount" : 4,
    "errorCount" : 0,
    "errorPct" : 0.0,
    "meanResTime" : 846.0,
    "medianResTime" : 846.0,
    "minResTime" : 846.0,
    "maxResTime" : 846.0,
    "pct1ResTime" : 846.0,
    "pct2ResTime" : 846.0,
    "pct3ResTime" : 846.0,
    "throughput" : 4.7281323877068555,
    "receivedKBytesPerSec" : 9.008385047281324,
    "sentKBytesPerSec" : 9.493203309692671
  },
  "Basic Entity Search" : {
    "transaction" : "Basic Entity Search",
    "sampleCount" : 4,
    "errorCount" : 0,
    "errorPct" : 0.0,
    "meanResTime" : 333.0,
    "medianResTime" : 333.0,
    "minResTime" : 333.0,
    "maxResTime" : 333.0,
    "pct1ResTime" : 333.0,
    "pct2ResTime" : 333.0,
    "pct3ResTime" : 333.0,
    "throughput" : 11.976047904191617,
    "receivedKBytesPerSec" : 8.42065868263473,
    "sentKBytesPerSec" : 22.466785179640716
  },
  "RPR" : {
    "transaction" : "RPR",
    "sampleCount" : 4,
    "errorCount" : 0,
    "errorPct" : 0.0,
    "meanResTime" : 53886.0,
    "medianResTime" : 53886.0,
    "minResTime" : 53886.0,
    "maxResTime" : 53886.0,
    "pct1ResTime" : 53886.0,
    "pct2ResTime" : 53886.0,
    "pct3ResTime" : 53886.0,
    "throughput" : 0.07422940597917865,
    "receivedKBytesPerSec" : 0.23994075565535286,
    "sentKBytesPerSec" : 0.14729897748993265
  },
  "Total" : {
    "transaction" : "Total",
    "sampleCount" : 24,
    "errorCount" : 0,
    "errorPct" : 0.0,
    "meanResTime" : 18184.75,
    "medianResTime" : 12151.5,
    "minResTime" : 308.0,
    "maxResTime" : 55064.0,
    "pct1ResTime" : 54475.0,
    "pct2ResTime" : 55064.0,
    "pct3ResTime" : 55064.0,
    "throughput" : 0.10991477025523125,
    "receivedKBytesPerSec" : 83.96010752183412,
    "sentKBytesPerSec" : 0.20293264915205333
  },
  "LBO Map" : {
    "transaction" : "LBO Map",
    "sampleCount" : 4,
    "errorCount" : 0,
    "errorPct" : 0.0,
    "meanResTime" : 33405.0,
    "medianResTime" : 33405.0,
    "minResTime" : 33405.0,
    "maxResTime" : 33405.0,
    "pct1ResTime" : 33405.0,
    "pct2ResTime" : 33405.0,
    "pct3ResTime" : 33405.0,
    "throughput" : 0.11974255350995361,
    "receivedKBytesPerSec" : 375.65484208950755,
    "sentKBytesPerSec" : 0.24322706181709325
  },
  "Investee Companies Map" : {
    "transaction" : "Investee Companies Map",
    "sampleCount" : 4,
    "errorCount" : 0,
    "errorPct" : 0.0,
    "meanResTime" : 12522.0,
    "medianResTime" : 12522.0,
    "minResTime" : 12522.0,
    "maxResTime" : 12522.0,
    "pct1ResTime" : 12522.0,
    "pct2ResTime" : 12522.0,
    "pct3ResTime" : 12522.0,
    "throughput" : 0.3194377894904967,
    "receivedKBytesPerSec" : 211.99189426609166,
    "sentKBytesPerSec" : 0.6488580099025715
  }
}