{
  "Enhanced Entity Search" : {
    "transaction" : "Enhanced Entity Search",
    "sampleCount" : 12,
    "errorCount" : 0,
    "errorPct" : 0.0,
    "meanResTime" : 570.0000000000001,
    "medianResTime" : 342.0,
    "minResTime" : 317.0,
    "maxResTime" : 1051.0,
    "pct1ResTime" : 1051.0,
    "pct2ResTime" : 1051.0,
    "pct3ResTime" : 1051.0,
    "throughput" : 0.1338449183545998,
    "receivedKBytesPerSec" : 0.4603533227000981,
    "sentKBytesPerSec" : 0.2782771788837334
  },
  "Radial Map" : {
    "transaction" : "Radial Map",
    "sampleCount" : 12,
    "errorCount" : 0,
    "errorPct" : 0.0,
    "meanResTime" : 20075.333333333332,
    "medianResTime" : 13320.0,
    "minResTime" : 12492.0,
    "maxResTime" : 34414.0,
    "pct1ResTime" : 34414.0,
    "pct2ResTime" : 34414.0,
    "pct3ResTime" : 34414.0,
    "throughput" : 0.1177359379139154,
    "receivedKBytesPerSec" : 272.18870188769955,
    "sentKBytesPerSec" : 0.25340821011940384
  },
  "EPR" : {
    "transaction" : "EPR",
    "sampleCount" : 12,
    "errorCount" : 0,
    "errorPct" : 0.0,
    "meanResTime" : 9157.333333333334,
    "medianResTime" : 3777.0,
    "minResTime" : 3746.0,
    "maxResTime" : 19949.0,
    "pct1ResTime" : 19949.0,
    "pct2ResTime" : 19949.0,
    "pct3ResTime" : 19949.0,
    "throughput" : 0.19029797491238365,
    "receivedKBytesPerSec" : 34.33391744239522,
    "sentKBytesPerSec" : 0.37353411091200306
  },
  "Total" : {
    "transaction" : "Total",
    "sampleCount" : 26,
    "errorCount" : 0,
    "errorPct" : 0.0,
    "meanResTime" : 8627.384615384617,
    "medianResTime" : 4523.0,
    "minResTime" : 317.0,
    "maxResTime" : 34414.0,
    "pct1ResTime" : 24288.50000000001,
    "pct2ResTime" : 34414.0,
    "pct3ResTime" : 34414.0,
    "throughput" : 0.23155982258955132,
    "receivedKBytesPerSec" : 133.85568465448603,
    "sentKBytesPerSec" : 0.4533089675994371
  },
  "Token" : {
    "transaction" : "Token",
    "sampleCount" : 4,
    "errorCount" : 0,
    "errorPct" : 0.0,
    "meanResTime" : 874.0,
    "medianResTime" : 874.0,
    "minResTime" : 874.0,
    "maxResTime" : 874.0,
    "pct1ResTime" : 874.0,
    "pct2ResTime" : 874.0,
    "pct3ResTime" : 874.0,
    "throughput" : 0.9844942160964804,
    "receivedKBytesPerSec" : 2.1833851218311593,
    "sentKBytesPerSec" : 0.2557377553531873
  },
  "Interconnection Map" : {
    "transaction" : "Interconnection Map",
    "sampleCount" : 12,
    "errorCount" : 0,
    "errorPct" : 0.0,
    "meanResTime" : 7291.333333333333,
    "medianResTime" : 4577.0,
    "minResTime" : 4523.0,
    "maxResTime" : 12774.0,
    "pct1ResTime" : 12774.0,
    "pct2ResTime" : 12774.0,
    "pct3ResTime" : 12774.0,
    "throughput" : 0.16646783009183477,
    "receivedKBytesPerSec" : 1.4104247010515218,
    "sentKBytesPerSec" : 0.3665868719307494
  }
}