{
  "Enhanced Entity Search" : {
    "transaction" : "Enhanced Entity Search",
    "sampleCount" : 40,
    "errorCount" : 0,
    "errorPct" : 0.0,
    "meanResTime" : 1827.2999999999997,
    "medianResTime" : 1749.0,
    "minResTime" : 301.0,
    "maxResTime" : 4106.0,
    "pct1ResTime" : 4018.8999999999987,
    "pct2ResTime" : 4106.0,
    "pct3ResTime" : 4106.0,
    "throughput" : 3.051338774887482,
    "receivedKBytesPerSec" : 10.494936684720422,
    "sentKBytesPerSec" : 6.344043214585399
  },
  "Radial Map" : {
    "transaction" : "Radial Map",
    "sampleCount" : 40,
    "errorCount" : 24,
    "errorPct" : 60.0,
    "meanResTime" : 159610.4,
    "medianResTime" : 180015.0,
    "minResTime" : 94266.0,
    "maxResTime" : 180040.0,
    "pct1ResTime" : 180038.4,
    "pct2ResTime" : 180040.0,
    "pct3ResTime" : 180040.0,
    "throughput" : 0.20743337499286946,
    "receivedKBytesPerSec" : 190.2293897115639,
    "sentKBytesPerSec" : 0.17858717128292356
  },
  "EPR" : {
    "transaction" : "EPR",
    "sampleCount" : 40,
    "errorCount" : 0,
    "errorPct" : 0.0,
    "meanResTime" : 11741.1,
    "medianResTime" : 9495.5,
    "minResTime" : 5761.0,
    "maxResTime" : 32409.0,
    "pct1ResTime" : 30523.899999999972,
    "pct2ResTime" : 32409.0,
    "pct3ResTime" : 32409.0,
    "throughput" : 0.40886417532095837,
    "receivedKBytesPerSec" : 73.76636414976696,
    "sentKBytesPerSec" : 0.8025556566358656
  },
  "Total" : {
    "transaction" : "Total",
    "sampleCount" : 82,
    "errorCount" : 12,
    "errorPct" : 14.634147,
    "meanResTime" : 49752.90243902439,
    "medianResTime" : 15324.0,
    "minResTime" : 301.0,
    "maxResTime" : 180040.0,
    "pct1ResTime" : 180017.8,
    "pct2ResTime" : 180023.85,
    "pct3ResTime" : 180040.0,
    "throughput" : 0.3478187101015885,
    "receivedKBytesPerSec" : 94.12785850247079,
    "sentKBytesPerSec" : 0.6049546934317406
  },
  "Token" : {
    "transaction" : "Token",
    "sampleCount" : 4,
    "errorCount" : 0,
    "errorPct" : 0.0,
    "meanResTime" : 1261.0,
    "medianResTime" : 1261.0,
    "minResTime" : 1261.0,
    "maxResTime" : 1261.0,
    "pct1ResTime" : 1261.0,
    "pct2ResTime" : 1261.0,
    "pct3ResTime" : 1261.0,
    "throughput" : 2.1739130434782608,
    "receivedKBytesPerSec" : 4.821246603260869,
    "sentKBytesPerSec" : 0.5647078804347826
  },
  "Interconnection Map" : {
    "transaction" : "Interconnection Map",
    "sampleCount" : 40,
    "errorCount" : 0,
    "errorPct" : 0.0,
    "meanResTime" : 30682.0,
    "medianResTime" : 33467.0,
    "minResTime" : 15324.0,
    "maxResTime" : 42272.0,
    "pct1ResTime" : 42092.899999999994,
    "pct2ResTime" : 42272.0,
    "pct3ResTime" : 42272.0,
    "throughput" : 0.3240020736132711,
    "receivedKBytesPerSec" : 2.726173697511664,
    "sentKBytesPerSec" : 0.713500660154225
  }
}