{
  "Enhanced Entity Search" : {
    "transaction" : "Enhanced Entity Search",
    "sampleCount" : 40,
    "errorCount" : 0,
    "errorPct" : 0.0,
    "meanResTime" : 4212.0,
    "medianResTime" : 3566.0,
    "minResTime" : 223.0,
    "maxResTime" : 9621.0,
    "pct1ResTime" : 9499.999999999998,
    "pct2ResTime" : 9621.0,
    "pct3ResTime" : 9621.0,
    "throughput" : 2.733173898189272,
    "receivedKBytesPerSec" : 13.3188845234028,
    "sentKBytesPerSec" : 5.655854970960028
  },
  "Radial Map" : {
    "transaction" : "Radial Map",
    "sampleCount" : 40,
    "errorCount" : 0,
    "errorPct" : 0.0,
    "meanResTime" : 152296.09999999995,
    "medianResTime" : 152495.5,
    "minResTime" : 137837.0,
    "maxResTime" : 163510.0,
    "pct1ResTime" : 163345.6,
    "pct2ResTime" : 163510.0,
    "pct3ResTime" : 163510.0,
    "throughput" : 0.22691559307226694,
    "receivedKBytesPerSec" : 231.13746404806074,
    "sentKBytesPerSec" : 0.4884003585266371
  },
  "EPR" : {
    "transaction" : "EPR",
    "sampleCount" : 40,
    "errorCount" : 40,
    "errorPct" : 100.0,
    "meanResTime" : 1.8000000000000003,
    "medianResTime" : 1.0,
    "minResTime" : 1.0,
    "maxResTime" : 7.0,
    "pct1ResTime" : 6.499999999999993,
    "pct2ResTime" : 7.0,
    "pct3ResTime" : 7.0,
    "throughput" : 1052.6315789473683,
    "receivedKBytesPerSec" : 2239.9259868421054,
    "sentKBytesPerSec" : 0.0
  },
  "Total" : {
    "transaction" : "Total",
    "sampleCount" : 121,
    "errorCount" : 60,
    "errorPct" : 49.586777,
    "meanResTime" : 2489542.289256198,
    "medianResTime" : 9621.0,
    "minResTime" : 1.0,
    "maxResTime" : 1.4897443E7,
    "pct1ResTime" : 1.48470406E7,
    "pct2ResTime" : 1.48611193E7,
    "pct3ResTime" : 1.4897443E7,
    "throughput" : 0.00803094768833153,
    "receivedKBytesPerSec" : 1.3752135216809038,
    "sentKBytesPerSec" : 0.008541826511286633
  },
  "LBO Map" : {
    "transaction" : "LBO Map",
    "sampleCount" : 40,
    "errorCount" : 40,
    "errorPct" : 100.0,
    "meanResTime" : 1.4854037700000001E7,
    "medianResTime" : 1.48506035E7,
    "minResTime" : 1.4837604E7,
    "maxResTime" : 1.4897443E7,
    "pct1ResTime" : 1.48946146E7,
    "pct2ResTime" : 1.4897443E7,
    "pct3ResTime" : 1.4897443E7,
    "throughput" : 0.002685021473459234,
    "receivedKBytesPerSec" : 0.00829367472710113,
    "sentKBytesPerSec" : 0.0
  },
  "IC Map" : {
    "transaction" : "IC Map",
    "sampleCount" : 40,
    "errorCount" : 40,
    "errorPct" : 100.0,
    "meanResTime" : 67.10000000000001,
    "medianResTime" : 76.0,
    "minResTime" : 19.0,
    "maxResTime" : 104.0,
    "pct1ResTime" : 102.99999999999999,
    "pct2ResTime" : 104.0,
    "pct3ResTime" : 104.0,
    "throughput" : 363.6363636363636,
    "receivedKBytesPerSec" : 804.6519886363636,
    "sentKBytesPerSec" : 0.0
  },
  "Login" : {
    "transaction" : "Login",
    "sampleCount" : 2,
    "errorCount" : 0,
    "errorPct" : 0.0,
    "meanResTime" : 648.5,
    "medianResTime" : 648.5,
    "minResTime" : 353.0,
    "maxResTime" : 944.0,
    "pct1ResTime" : 944.0,
    "pct2ResTime" : 944.0,
    "pct3ResTime" : 944.0,
    "throughput" : 2.1186440677966103,
    "receivedKBytesPerSec" : 4.698672537076272,
    "sentKBytesPerSec" : 0.5503509004237288
  },
  "Interconnection Map" : {
    "transaction" : "Interconnection Map",
    "sampleCount" : 40,
    "errorCount" : 0,
    "errorPct" : 0.0,
    "meanResTime" : 51098.49999999999,
    "medianResTime" : 53962.0,
    "minResTime" : 20345.0,
    "maxResTime" : 60641.0,
    "pct1ResTime" : 60587.6,
    "pct2ResTime" : 60641.0,
    "pct3ResTime" : 60641.0,
    "throughput" : 0.4988775255674732,
    "receivedKBytesPerSec" : 2.483669555999002,
    "sentKBytesPerSec" : 1.0976279932651534
  }
}