{
  "EPR" : {
    "transaction" : "EPR",
    "sampleCount" : 12,
    "errorCount" : 0,
    "errorPct" : 0.0,
    "meanResTime" : 10209.0,
    "medianResTime" : 3677.0,
    "minResTime" : 3312.0,
    "maxResTime" : 23638.0,
    "pct1ResTime" : 23638.0,
    "pct2ResTime" : 23638.0,
    "pct3ResTime" : 23638.0,
    "throughput" : 0.3917727717923604,
    "receivedKBytesPerSec" : 70.68488818152139,
    "sentKBytesPerSec" : 0.7690071008814887
  },
  "Total" : {
    "transaction" : "Total",
    "sampleCount" : 8,
    "errorCount" : 0,
    "errorPct" : 0.0,
    "meanResTime" : 7736.0,
    "medianResTime" : 3494.5,
    "minResTime" : 317.0,
    "maxResTime" : 23638.0,
    "pct1ResTime" : 23638.0,
    "pct2ResTime" : 23638.0,
    "pct3ResTime" : 23638.0,
    "throughput" : 0.2580561917357505,
    "receivedKBytesPerSec" : 35.06256602609593,
    "sentKBytesPerSec" : 0.39666059159381956
  },
  "Token" : {
    "transaction" : "Token",
    "sampleCount" : 4,
    "errorCount" : 0,
    "errorPct" : 0.0,
    "meanResTime" : 317.0,
    "medianResTime" : 317.0,
    "minResTime" : 317.0,
    "maxResTime" : 317.0,
    "pct1ResTime" : 317.0,
    "pct2ResTime" : 317.0,
    "pct3ResTime" : 317.0,
    "throughput" : 1.171303074670571,
    "receivedKBytesPerSec" : 2.5976848462664712,
    "sentKBytesPerSec" : 0.30426427525622257
  }
}