{
  "Enhanced Entity Search" : {
    "transaction" : "Enhanced Entity Search",
    "sampleCount" : 12,
    "errorCount" : 0,
    "errorPct" : 0.0,
    "meanResTime" : 352.3333333333333,
    "medianResTime" : 271.0,
    "minResTime" : 235.0,
    "maxResTime" : 551.0,
    "pct1ResTime" : 551.0,
    "pct2ResTime" : 551.0,
    "pct3ResTime" : 551.0,
    "throughput" : 0.055866702048911296,
    "receivedKBytesPerSec" : 0.10567754088744256,
    "sentKBytesPerSec" : 0.10922376709171916
  },
  "RED List Report" : {
    "transaction" : "RED List Report",
    "sampleCount" : 12,
    "errorCount" : 0,
    "errorPct" : 0.0,
    "meanResTime" : 3817.9999999999995,
    "medianResTime" : 1007.0,
    "minResTime" : 881.0,
    "maxResTime" : 9566.0,
    "pct1ResTime" : 9566.0,
    "pct2ResTime" : 9566.0,
    "pct3ResTime" : 9566.0,
    "throughput" : 0.07214703565867236,
    "receivedKBytesPerSec" : 1.1141925995178172,
    "sentKBytesPerSec" : 0.14267358125860505
  },
  "FPR - 1 Year" : {
    "transaction" : "FPR - 1 Year",
    "sampleCount" : 12,
    "errorCount" : 0,
    "errorPct" : 0.0,
    "meanResTime" : 559.6666666666667,
    "medianResTime" : 308.0,
    "minResTime" : 298.0,
    "maxResTime" : 1073.0,
    "pct1ResTime" : 1073.0,
    "pct2ResTime" : 1073.0,
    "pct3ResTime" : 1073.0,
    "throughput" : 0.07640586797066015,
    "receivedKBytesPerSec" : 0.3202480325488997,
    "sentKBytesPerSec" : 0.15340865678484106
  },
  "Radial Map" : {
    "transaction" : "Radial Map",
    "sampleCount" : 12,
    "errorCount" : 0,
    "errorPct" : 0.0,
    "meanResTime" : 42576.66666666667,
    "medianResTime" : 41427.0,
    "minResTime" : 30826.0,
    "maxResTime" : 55477.0,
    "pct1ResTime" : 55477.0,
    "pct2ResTime" : 55477.0,
    "pct3ResTime" : 55477.0,
    "throughput" : 0.04908698213233851,
    "receivedKBytesPerSec" : 246.6065268045602,
    "sentKBytesPerSec" : 0.09970793245631258
  },
  "Basic Entity Search" : {
    "transaction" : "Basic Entity Search",
    "sampleCount" : 12,
    "errorCount" : 0,
    "errorPct" : 0.0,
    "meanResTime" : 185.33333333333331,
    "medianResTime" : 169.0,
    "minResTime" : 169.0,
    "maxResTime" : 218.0,
    "pct1ResTime" : 218.0,
    "pct2ResTime" : 218.0,
    "pct3ResTime" : 218.0,
    "throughput" : 0.0683943848210062,
    "receivedKBytesPerSec" : 0.04808980182726998,
    "sentKBytesPerSec" : 0.12830626293081338
  },
  "RPR" : {
    "transaction" : "RPR",
    "sampleCount" : 12,
    "errorCount" : 0,
    "errorPct" : 0.0,
    "meanResTime" : 26650.000000000004,
    "medianResTime" : 25564.0,
    "minResTime" : 23304.0,
    "maxResTime" : 31082.0,
    "pct1ResTime" : 31082.0,
    "pct2ResTime" : 31082.0,
    "pct3ResTime" : 31082.0,
    "throughput" : 0.06582953442061781,
    "receivedKBytesPerSec" : 0.21278882708227048,
    "sentKBytesPerSec" : 0.1306304823659135
  },
  "EPR" : {
    "transaction" : "EPR",
    "sampleCount" : 12,
    "errorCount" : 0,
    "errorPct" : 0.0,
    "meanResTime" : 4863.666666666667,
    "medianResTime" : 4942.0,
    "minResTime" : 1065.0,
    "maxResTime" : 8584.0,
    "pct1ResTime" : 8584.0,
    "pct2ResTime" : 8584.0,
    "pct3ResTime" : 8584.0,
    "throughput" : 0.0652546290002447,
    "receivedKBytesPerSec" : 0.7104725182848908,
    "sentKBytesPerSec" : 0.12547496533347835
  },
  "Total" : {
    "transaction" : "Total",
    "sampleCount" : 62,
    "errorCount" : 0,
    "errorPct" : 0.0,
    "meanResTime" : 8982.451612903225,
    "medianResTime" : 1073.0,
    "minResTime" : 169.0,
    "maxResTime" : 55477.0,
    "pct1ResTime" : 31005.2,
    "pct2ResTime" : 41427.0,
    "pct3ResTime" : 55477.0,
    "throughput" : 0.22197796689664062,
    "receivedKBytesPerSec" : 148.33507713958116,
    "sentKBytesPerSec" : 0.427508977576645
  },
  "LBO Map" : {
    "transaction" : "LBO Map",
    "sampleCount" : 12,
    "errorCount" : 0,
    "errorPct" : 0.0,
    "meanResTime" : 4695.333333333333,
    "medianResTime" : 3714.0,
    "minResTime" : 2120.0,
    "maxResTime" : 8252.0,
    "pct1ResTime" : 8252.0,
    "pct2ResTime" : 8252.0,
    "pct3ResTime" : 8252.0,
    "throughput" : 0.06279467710453743,
    "receivedKBytesPerSec" : 73.03566721306758,
    "sentKBytesPerSec" : 0.12755168786859167
  },
  "Token" : {
    "transaction" : "Token",
    "sampleCount" : 4,
    "errorCount" : 0,
    "errorPct" : 0.0,
    "meanResTime" : 698.0,
    "medianResTime" : 698.0,
    "minResTime" : 698.0,
    "maxResTime" : 698.0,
    "pct1ResTime" : 698.0,
    "pct2ResTime" : 698.0,
    "pct3ResTime" : 698.0,
    "throughput" : 1.0495932826029912,
    "receivedKBytesPerSec" : 2.327760102335345,
    "sentKBytesPerSec" : 0.2726482550511677
  },
  "FPR - 5 Year" : {
    "transaction" : "FPR - 5 Year",
    "sampleCount" : 12,
    "errorCount" : 0,
    "errorPct" : 0.0,
    "meanResTime" : 301.3333333333333,
    "medianResTime" : 296.0,
    "minResTime" : 294.0,
    "maxResTime" : 314.0,
    "pct1ResTime" : 314.0,
    "pct2ResTime" : 314.0,
    "pct3ResTime" : 314.0,
    "throughput" : 0.07641073316098468,
    "receivedKBytesPerSec" : 1.2715223565070108,
    "sentKBytesPerSec" : 0.1525976067521618
  },
  "Investee Companies Map" : {
    "transaction" : "Investee Companies Map",
    "sampleCount" : 12,
    "errorCount" : 0,
    "errorPct" : 0.0,
    "meanResTime" : 8583.666666666666,
    "medianResTime" : 11000.0,
    "minResTime" : 2503.0,
    "maxResTime" : 12248.0,
    "pct1ResTime" : 12248.0,
    "pct2ResTime" : 12248.0,
    "pct3ResTime" : 12248.0,
    "throughput" : 0.06752194463200539,
    "receivedKBytesPerSec" : 44.86740905638082,
    "sentKBytesPerSec" : 0.13715395003376096
  }
}