{
  "Enhanced Entity Search" : {
    "transaction" : "Enhanced Entity Search",
    "sampleCount" : 6,
    "errorCount" : 0,
    "errorPct" : 0.0,
    "meanResTime" : 200.66666666666666,
    "medianResTime" : 194.0,
    "minResTime" : 187.0,
    "maxResTime" : 221.0,
    "pct1ResTime" : 221.0,
    "pct2ResTime" : 221.0,
    "pct3ResTime" : 221.0,
    "throughput" : 0.03766903981617509,
    "receivedKBytesPerSec" : 0.07894312445850754,
    "sentKBytesPerSec" : 0.07360912956266244
  },
  "RED List Report" : {
    "transaction" : "RED List Report",
    "sampleCount" : 6,
    "errorCount" : 0,
    "errorPct" : 0.0,
    "meanResTime" : 9683.0,
    "medianResTime" : 9574.0,
    "minResTime" : 8778.0,
    "maxResTime" : 10697.0,
    "pct1ResTime" : 10697.0,
    "pct2ResTime" : 10697.0,
    "pct3ResTime" : 10697.0,
    "throughput" : 0.03868746332750872,
    "receivedKBytesPerSec" : 1.2252289411241288,
    "sentKBytesPerSec" : 0.07624150487784434
  },
  "Basic Entity Search" : {
    "transaction" : "Basic Entity Search",
    "sampleCount" : 6,
    "errorCount" : 0,
    "errorPct" : 0.0,
    "meanResTime" : 280.33333333333337,
    "medianResTime" : 198.0,
    "minResTime" : 189.0,
    "maxResTime" : 454.0,
    "pct1ResTime" : 454.0,
    "pct2ResTime" : 454.0,
    "pct3ResTime" : 454.0,
    "throughput" : 0.03749437584362346,
    "receivedKBytesPerSec" : 0.025813998993900914,
    "sentKBytesPerSec" : 0.07030195470679398
  },
  "Radial Map" : {
    "transaction" : "Radial Map",
    "sampleCount" : 6,
    "errorCount" : 0,
    "errorPct" : 0.0,
    "meanResTime" : 18337.0,
    "medianResTime" : 17819.0,
    "minResTime" : 17689.0,
    "maxResTime" : 19503.0,
    "pct1ResTime" : 19503.0,
    "pct2ResTime" : 19503.0,
    "pct3ResTime" : 19503.0,
    "throughput" : 0.033925330347904264,
    "receivedKBytesPerSec" : 90.05859938213491,
    "sentKBytesPerSec" : 0.0686789158312554
  },
  "EPR" : {
    "transaction" : "EPR",
    "sampleCount" : 6,
    "errorCount" : 0,
    "errorPct" : 0.0,
    "meanResTime" : 14444.333333333334,
    "medianResTime" : 14801.0,
    "minResTime" : 13011.0,
    "maxResTime" : 15521.0,
    "pct1ResTime" : 15521.0,
    "pct2ResTime" : 15521.0,
    "pct3ResTime" : 15521.0,
    "throughput" : 0.03742444939278831,
    "receivedKBytesPerSec" : 21.725404534907653,
    "sentKBytesPerSec" : 0.07170582979360415
  },
  "Total" : {
    "transaction" : "Total",
    "sampleCount" : 25,
    "errorCount" : 0,
    "errorPct" : 0.0,
    "meanResTime" : 9252.24,
    "medianResTime" : 8778.0,
    "minResTime" : 187.0,
    "maxResTime" : 19873.0,
    "pct1ResTime" : 18492.600000000002,
    "pct2ResTime" : 19762.0,
    "pct3ResTime" : 19873.0,
    "throughput" : 0.10776233663229767,
    "receivedKBytesPerSec" : 91.02201328601849,
    "sentKBytesPerSec" : 0.20622596226378498
  },
  "LBO Map" : {
    "transaction" : "LBO Map",
    "sampleCount" : 6,
    "errorCount" : 0,
    "errorPct" : 0.0,
    "meanResTime" : 18285.0,
    "medianResTime" : 17520.0,
    "minResTime" : 17462.0,
    "maxResTime" : 19873.0,
    "pct1ResTime" : 19873.0,
    "pct2ResTime" : 19873.0,
    "pct3ResTime" : 19873.0,
    "throughput" : 0.03445009043148738,
    "receivedKBytesPerSec" : 110.3271883881664,
    "sentKBytesPerSec" : 0.06974124752389975
  },
  "Token" : {
    "transaction" : "Token",
    "sampleCount" : 2,
    "errorCount" : 0,
    "errorPct" : 0.0,
    "meanResTime" : 614.0,
    "medianResTime" : 614.0,
    "minResTime" : 614.0,
    "maxResTime" : 614.0,
    "pct1ResTime" : 614.0,
    "pct2ResTime" : 614.0,
    "pct3ResTime" : 614.0,
    "throughput" : 0.5411255411255411,
    "receivedKBytesPerSec" : 1.2000938514610389,
    "sentKBytesPerSec" : 0.13686671401515152
  },
  "Interconnection Map" : {
    "transaction" : "Interconnection Map",
    "sampleCount" : 6,
    "errorCount" : 0,
    "errorPct" : 0.0,
    "meanResTime" : 7106.666666666666,
    "medianResTime" : 6915.0,
    "minResTime" : 6883.0,
    "maxResTime" : 7522.0,
    "pct1ResTime" : 7522.0,
    "pct2ResTime" : 7522.0,
    "pct3ResTime" : 7522.0,
    "throughput" : 0.036533461606376307,
    "receivedKBytesPerSec" : 12.896311947050837,
    "sentKBytesPerSec" : 0.07577839106635086
  },
  "Investee Companies Map" : {
    "transaction" : "Investee Companies Map",
    "sampleCount" : 6,
    "errorCount" : 0,
    "errorPct" : 0.0,
    "meanResTime" : 8560.333333333334,
    "medianResTime" : 6327.0,
    "minResTime" : 6068.0,
    "maxResTime" : 13286.0,
    "pct1ResTime" : 13286.0,
    "pct2ResTime" : 13286.0,
    "pct3ResTime" : 13286.0,
    "throughput" : 0.037356876467035664,
    "receivedKBytesPerSec" : 7.9551906212448555,
    "sentKBytesPerSec" : 0.07562578605094233
  }
}