{
  "Enhanced Entity Search" : {
    "transaction" : "Enhanced Entity Search",
    "sampleCount" : 12,
    "errorCount" : 0,
    "errorPct" : 0.0,
    "meanResTime" : 1641.6666666666665,
    "medianResTime" : 1551.0,
    "minResTime" : 887.0,
    "maxResTime" : 2487.0,
    "pct1ResTime" : 2487.0,
    "pct2ResTime" : 2487.0,
    "pct3ResTime" : 2487.0,
    "throughput" : 0.021795554070228908,
    "receivedKBytesPerSec" : 0.12564370671539182,
    "sentKBytesPerSec" : 0.046358121840779844
  },
  "Radial Map" : {
    "transaction" : "Radial Map",
    "sampleCount" : 12,
    "errorCount" : 0,
    "errorPct" : 0.0,
    "meanResTime" : 17270.999999999996,
    "medianResTime" : 19652.0,
    "minResTime" : 9157.0,
    "maxResTime" : 23004.0,
    "pct1ResTime" : 23004.0,
    "pct2ResTime" : 23004.0,
    "pct3ResTime" : 23004.0,
    "throughput" : 0.021101832166577864,
    "receivedKBytesPerSec" : 9.6368811558001,
    "sentKBytesPerSec" : 0.04628390141224011
  },
  "EPR" : {
    "transaction" : "EPR",
    "sampleCount" : 12,
    "errorCount" : 0,
    "errorPct" : 0.0,
    "meanResTime" : 181893.0,
    "medianResTime" : 70209.0,
    "minResTime" : 56713.0,
    "maxResTime" : 418757.0,
    "pct1ResTime" : 418757.0,
    "pct2ResTime" : 418757.0,
    "pct3ResTime" : 418757.0,
    "throughput" : 0.019362458774098194,
    "receivedKBytesPerSec" : 1.3923196185272915,
    "sentKBytesPerSec" : 0.03878164350163613
  },
  "Total" : {
    "transaction" : "Total",
    "sampleCount" : 26,
    "errorCount" : 0,
    "errorPct" : 0.0,
    "meanResTime" : 51562.38461538461,
    "medianResTime" : 19652.0,
    "minResTime" : 887.0,
    "maxResTime" : 418757.0,
    "pct1ResTime" : 174773.40000000026,
    "pct2ResTime" : 418757.0,
    "pct3ResTime" : 418757.0,
    "throughput" : 0.038782584829446125,
    "receivedKBytesPerSec" : 5.5536912024316685,
    "sentKBytesPerSec" : 0.07742241525259395
  },
  "Token" : {
    "transaction" : "Token",
    "sampleCount" : 4,
    "errorCount" : 0,
    "errorPct" : 0.0,
    "meanResTime" : 1793.0,
    "medianResTime" : 1793.0,
    "minResTime" : 1793.0,
    "maxResTime" : 1793.0,
    "pct1ResTime" : 1793.0,
    "pct2ResTime" : 1793.0,
    "pct3ResTime" : 1793.0,
    "throughput" : 0.8144980655670943,
    "receivedKBytesPerSec" : 1.8063721747098351,
    "sentKBytesPerSec" : 0.20601074119323967
  },
  "Interconnection Map" : {
    "transaction" : "Interconnection Map",
    "sampleCount" : 12,
    "errorCount" : 0,
    "errorPct" : 0.0,
    "meanResTime" : 22033.666666666664,
    "medianResTime" : 24222.0,
    "minResTime" : 13779.0,
    "maxResTime" : 28100.0,
    "pct1ResTime" : 28100.0,
    "pct2ResTime" : 28100.0,
    "pct3ResTime" : 28100.0,
    "throughput" : 0.02091437654243527,
    "receivedKBytesPerSec" : 1.7869128942359978,
    "sentKBytesPerSec" : 0.0469143778495838
  }
}