{
  "Radial Map" : {
    "transaction" : "Radial Map",
    "sampleCount" : 40,
    "errorCount" : 0,
    "errorPct" : 0.0,
    "meanResTime" : 166218.09999999998,
    "medianResTime" : 167638.0,
    "minResTime" : 160140.0,
    "maxResTime" : 167804.0,
    "pct1ResTime" : 167799.7,
    "pct2ResTime" : 167804.0,
    "pct3ResTime" : 167804.0,
    "throughput" : 0.23834209240522922,
    "receivedKBytesPerSec" : 1263.8810993231084,
    "sentKBytesPerSec" : 0.48413237519812186
  },
  "EPR" : {
    "transaction" : "EPR",
    "sampleCount" : 40,
    "errorCount" : 40,
    "errorPct" : 100.0,
    "meanResTime" : 28.0,
    "medianResTime" : 28.0,
    "minResTime" : 20.0,
    "maxResTime" : 36.0,
    "pct1ResTime" : 35.49999999999999,
    "pct2ResTime" : 36.0,
    "pct3ResTime" : 36.0,
    "throughput" : 228.57142857142856,
    "receivedKBytesPerSec" : 153.57142857142858,
    "sentKBytesPerSec" : 439.5089285714286
  },
  "Token" : {
    "transaction" : "Token",
    "sampleCount" : 4,
    "errorCount" : 0,
    "errorPct" : 0.0,
    "meanResTime" : 1487.0,
    "medianResTime" : 1487.0,
    "minResTime" : 1487.0,
    "maxResTime" : 1487.0,
    "pct1ResTime" : 1487.0,
    "pct2ResTime" : 1487.0,
    "pct3ResTime" : 1487.0,
    "throughput" : 1.9342359767891684,
    "receivedKBytesPerSec" : 4.289697171179884,
    "sentKBytesPerSec" : 0.5024480174081237
  },
  "FPR - 5 Year" : {
    "transaction" : "FPR - 5 Year",
    "sampleCount" : 40,
    "errorCount" : 40,
    "errorPct" : 100.0,
    "meanResTime" : 22.200000000000003,
    "medianResTime" : 18.5,
    "minResTime" : 16.0,
    "maxResTime" : 36.0,
    "pct1ResTime" : 36.0,
    "pct2ResTime" : 36.0,
    "pct3ResTime" : 36.0,
    "throughput" : 199.00497512437812,
    "receivedKBytesPerSec" : 133.70646766169153,
    "sentKBytesPerSec" : 397.4269278606965
  },
  "Interconnection Map" : {
    "transaction" : "Interconnection Map",
    "sampleCount" : 40,
    "errorCount" : 28,
    "errorPct" : 70.0,
    "meanResTime" : 126420.9,
    "medianResTime" : 152487.5,
    "minResTime" : 40440.0,
    "maxResTime" : 152954.0,
    "pct1ResTime" : 152930.1,
    "pct2ResTime" : 152954.0,
    "pct3ResTime" : 152954.0,
    "throughput" : 0.26151482462162073,
    "receivedKBytesPerSec" : 0.8978079745676832,
    "sentKBytesPerSec" : 0.5442266516295642
  },
  "Enhanced Entity Search" : {
    "transaction" : "Enhanced Entity Search",
    "sampleCount" : 40,
    "errorCount" : 0,
    "errorPct" : 0.0,
    "meanResTime" : 461.90000000000003,
    "medianResTime" : 292.0,
    "minResTime" : 130.0,
    "maxResTime" : 2118.0,
    "pct1ResTime" : 1939.9999999999975,
    "pct2ResTime" : 2118.0,
    "pct3ResTime" : 2118.0,
    "throughput" : 5.41198755242863,
    "receivedKBytesPerSec" : 10.237324110404547,
    "sentKBytesPerSec" : 10.580858476525504
  },
  "RED List Report" : {
    "transaction" : "RED List Report",
    "sampleCount" : 40,
    "errorCount" : 40,
    "errorPct" : 100.0,
    "meanResTime" : 38.800000000000004,
    "medianResTime" : 37.5,
    "minResTime" : 17.0,
    "maxResTime" : 76.0,
    "pct1ResTime" : 73.49999999999997,
    "pct2ResTime" : 76.0,
    "pct3ResTime" : 76.0,
    "throughput" : 183.4862385321101,
    "receivedKBytesPerSec" : 123.27981651376147,
    "sentKBytesPerSec" : 362.8512041284404
  },
  "FPR - 1 Year" : {
    "transaction" : "FPR - 1 Year",
    "sampleCount" : 40,
    "errorCount" : 40,
    "errorPct" : 100.0,
    "meanResTime" : 18.9,
    "medianResTime" : 18.5,
    "minResTime" : 17.0,
    "maxResTime" : 22.0,
    "pct1ResTime" : 21.9,
    "pct2ResTime" : 22.0,
    "pct3ResTime" : 22.0,
    "throughput" : 196.078431372549,
    "receivedKBytesPerSec" : 131.74019607843138,
    "sentKBytesPerSec" : 393.6887254901961
  },
  "Basic Entity Search" : {
    "transaction" : "Basic Entity Search",
    "sampleCount" : 40,
    "errorCount" : 0,
    "errorPct" : 0.0,
    "meanResTime" : 4578.000000000001,
    "medianResTime" : 4927.5,
    "minResTime" : 813.0,
    "maxResTime" : 7830.0,
    "pct1ResTime" : 7729.699999999999,
    "pct2ResTime" : 7830.0,
    "pct3ResTime" : 7830.0,
    "throughput" : 2.6500596263415925,
    "receivedKBytesPerSec" : 1.8633231747714325,
    "sentKBytesPerSec" : 4.971449748244336
  },
  "RPR" : {
    "transaction" : "RPR",
    "sampleCount" : 40,
    "errorCount" : 40,
    "errorPct" : 100.0,
    "meanResTime" : 44.6,
    "medianResTime" : 38.5,
    "minResTime" : 28.0,
    "maxResTime" : 76.0,
    "pct1ResTime" : 76.0,
    "pct2ResTime" : 76.0,
    "pct3ResTime" : 76.0,
    "throughput" : 173.91304347826087,
    "receivedKBytesPerSec" : 116.84782608695652,
    "sentKBytesPerSec" : 345.1086956521739
  },
  "Total" : {
    "transaction" : "Total",
    "sampleCount" : 222,
    "errorCount" : 150,
    "errorPct" : 67.567566,
    "meanResTime" : 29207.405405405414,
    "medianResTime" : 76.0,
    "minResTime" : 15.0,
    "maxResTime" : 167804.0,
    "pct1ResTime" : 152882.30000000002,
    "pct2ResTime" : 167597.0,
    "pct3ResTime" : 167794.11,
    "throughput" : 0.6723910771886783,
    "receivedKBytesPerSec" : 359.88421508942497,
    "sentKBytesPerSec" : 1.3279108551784713
  },
  "LBO Map" : {
    "transaction" : "LBO Map",
    "sampleCount" : 40,
    "errorCount" : 32,
    "errorPct" : 80.0,
    "meanResTime" : 18121.799999999996,
    "medianResTime" : 107.0,
    "minResTime" : 84.0,
    "maxResTime" : 71514.0,
    "pct1ResTime" : 70582.59999999999,
    "pct2ResTime" : 71514.0,
    "pct3ResTime" : 71514.0,
    "throughput" : 0.3570217247719524,
    "receivedKBytesPerSec" : 224.2007176136668,
    "sentKBytesPerSec" : 0.7252003784430283
  },
  "Investee Companies Map" : {
    "transaction" : "Investee Companies Map",
    "sampleCount" : 40,
    "errorCount" : 40,
    "errorPct" : 100.0,
    "meanResTime" : 8100.3,
    "medianResTime" : 20.5,
    "minResTime" : 15.0,
    "maxResTime" : 40410.0,
    "pct1ResTime" : 40409.9,
    "pct2ResTime" : 40410.0,
    "pct3ResTime" : 40410.0,
    "throughput" : 0.9862176089154072,
    "receivedKBytesPerSec" : 0.6626149559900393,
    "sentKBytesPerSec" : 2.003254518109421
  }
}