{
  "Enhanced Entity Search" : {
    "transaction" : "Enhanced Entity Search",
    "sampleCount" : 6,
    "errorCount" : 0,
    "errorPct" : 0.0,
    "meanResTime" : 365.3333333333333,
    "medianResTime" : 350.0,
    "minResTime" : 332.0,
    "maxResTime" : 414.0,
    "pct1ResTime" : 414.0,
    "pct2ResTime" : 414.0,
    "pct3ResTime" : 414.0,
    "throughput" : 0.01999173674881049,
    "receivedKBytesPerSec" : 0.056480560951473385,
    "sentKBytesPerSec" : 0.039534440347989495
  },
  "RED List Report" : {
    "transaction" : "RED List Report",
    "sampleCount" : 6,
    "errorCount" : 0,
    "errorPct" : 0.0,
    "meanResTime" : 84450.66666666667,
    "medianResTime" : 76315.0,
    "minResTime" : 76041.0,
    "maxResTime" : 100996.0,
    "pct1ResTime" : 100996.0,
    "pct2ResTime" : 100996.0,
    "pct3ResTime" : 100996.0,
    "throughput" : 0.01601580225822812,
    "receivedKBytesPerSec" : 62.17878723674025,
    "sentKBytesPerSec" : 0.031531110695886606
  },
  "Basic Entity Search" : {
    "transaction" : "Basic Entity Search",
    "sampleCount" : 6,
    "errorCount" : 0,
    "errorPct" : 0.0,
    "meanResTime" : 474.6666666666667,
    "medianResTime" : 439.0,
    "minResTime" : 410.0,
    "maxResTime" : 575.0,
    "pct1ResTime" : 575.0,
    "pct2ResTime" : 575.0,
    "pct3ResTime" : 575.0,
    "throughput" : 0.019943360855171316,
    "receivedKBytesPerSec" : 0.0141395312313031,
    "sentKBytesPerSec" : 0.037939127876829806
  },
  "Radial Map" : {
    "transaction" : "Radial Map",
    "sampleCount" : 6,
    "errorCount" : 0,
    "errorPct" : 0.0,
    "meanResTime" : 23472.666666666668,
    "medianResTime" : 24584.0,
    "minResTime" : 21235.0,
    "maxResTime" : 24599.0,
    "pct1ResTime" : 24599.0,
    "pct2ResTime" : 24599.0,
    "pct3ResTime" : 24599.0,
    "throughput" : 0.01850184401712037,
    "receivedKBytesPerSec" : 139.77778177152075,
    "sentKBytesPerSec" : 0.037455393210439974
  },
  "EPR" : {
    "transaction" : "EPR",
    "sampleCount" : 6,
    "errorCount" : 0,
    "errorPct" : 0.0,
    "meanResTime" : 23950.333333333336,
    "medianResTime" : 25370.0,
    "minResTime" : 19096.0,
    "maxResTime" : 27385.0,
    "pct1ResTime" : 27385.0,
    "pct2ResTime" : 27385.0,
    "pct3ResTime" : 27385.0,
    "throughput" : 0.018421634367401074,
    "receivedKBytesPerSec" : 9.288479484056076,
    "sentKBytesPerSec" : 0.035296139285977454
  },
  "Total" : {
    "transaction" : "Total",
    "sampleCount" : 19,
    "errorCount" : 0,
    "errorPct" : 0.0,
    "meanResTime" : 23408.789473684214,
    "medianResTime" : 17455.0,
    "minResTime" : 332.0,
    "maxResTime" : 100996.0,
    "pct1ResTime" : 76315.0,
    "pct2ResTime" : 100996.0,
    "pct3ResTime" : 100996.0,
    "throughput" : 0.042656465036291676,
    "receivedKBytesPerSec" : 98.40276225517435,
    "sentKBytesPerSec" : 0.08046979010212855
  },
  "Token" : {
    "transaction" : "Token",
    "sampleCount" : 2,
    "errorCount" : 0,
    "errorPct" : 0.0,
    "meanResTime" : 400.0,
    "medianResTime" : 400.0,
    "minResTime" : 400.0,
    "maxResTime" : 400.0,
    "pct1ResTime" : 400.0,
    "pct2ResTime" : 400.0,
    "pct3ResTime" : 400.0,
    "throughput" : 0.5681818181818181,
    "receivedKBytesPerSec" : 1.2600985440340908,
    "sentKBytesPerSec" : 0.1437100497159091
  },
  "Interconnection Map" : {
    "transaction" : "Interconnection Map",
    "sampleCount" : 6,
    "errorCount" : 0,
    "errorPct" : 0.0,
    "meanResTime" : 15408.666666666666,
    "medianResTime" : 16817.0,
    "minResTime" : 11954.0,
    "maxResTime" : 17455.0,
    "pct1ResTime" : 17455.0,
    "pct2ResTime" : 17455.0,
    "pct3ResTime" : 17455.0,
    "throughput" : 0.018918075275021522,
    "receivedKBytesPerSec" : 50.40761801331833,
    "sentKBytesPerSec" : 0.039240226449361044
  }
}