{
  "Enhanced Entity Search" : {
    "transaction" : "Enhanced Entity Search",
    "sampleCount" : 12,
    "errorCount" : 0,
    "errorPct" : 0.0,
    "meanResTime" : 134.99999999999997,
    "medianResTime" : 152.0,
    "minResTime" : 88.0,
    "maxResTime" : 165.0,
    "pct1ResTime" : 165.0,
    "pct2ResTime" : 165.0,
    "pct3ResTime" : 165.0,
    "throughput" : 0.21136435692394406,
    "receivedKBytesPerSec" : 0.485477507309684,
    "sentKBytesPerSec" : 0.41447229365554655
  },
  "Radial Map" : {
    "transaction" : "Radial Map",
    "sampleCount" : 12,
    "errorCount" : 0,
    "errorPct" : 0.0,
    "meanResTime" : 9870.999999999998,
    "medianResTime" : 8777.0,
    "minResTime" : 8768.0,
    "maxResTime" : 12068.0,
    "pct1ResTime" : 12068.0,
    "pct2ResTime" : 12068.0,
    "pct3ResTime" : 12068.0,
    "throughput" : 0.18355359765051393,
    "receivedKBytesPerSec" : 391.05502449293317,
    "sentKBytesPerSec" : 0.3728432452276064
  },
  "EPR" : {
    "transaction" : "EPR",
    "sampleCount" : 12,
    "errorCount" : 0,
    "errorPct" : 0.0,
    "meanResTime" : 4617.333333333333,
    "medianResTime" : 4617.0,
    "minResTime" : 4603.0,
    "maxResTime" : 4632.0,
    "pct1ResTime" : 4632.0,
    "pct2ResTime" : 4632.0,
    "pct3ResTime" : 4632.0,
    "throughput" : 0.1995908387805,
    "receivedKBytesPerSec" : 115.277158387805,
    "sentKBytesPerSec" : 0.38378355620977
  },
  "Total" : {
    "transaction" : "Total",
    "sampleCount" : 32,
    "errorCount" : 0,
    "errorPct" : 0.0,
    "meanResTime" : 5222.125,
    "medianResTime" : 4610.0,
    "minResTime" : 88.0,
    "maxResTime" : 12068.0,
    "pct1ResTime" : 11103.0,
    "pct2ResTime" : 12068.0,
    "pct3ResTime" : 12068.0,
    "throughput" : 0.3826927216627999,
    "receivedKBytesPerSec" : 384.8737945552991,
    "sentKBytesPerSec" : 0.7257240516395992
  },
  "LBO Map" : {
    "transaction" : "LBO Map",
    "sampleCount" : 12,
    "errorCount" : 0,
    "errorPct" : 0.0,
    "meanResTime" : 10252.666666666664,
    "medianResTime" : 9837.0,
    "minResTime" : 9818.0,
    "maxResTime" : 11103.0,
    "pct1ResTime" : 11103.0,
    "pct2ResTime" : 11103.0,
    "pct3ResTime" : 11103.0,
    "throughput" : 0.18019641409135956,
    "receivedKBytesPerSec" : 477.3862298968376,
    "sentKBytesPerSec" : 0.3660239661230742
  },
  "Token" : {
    "transaction" : "Token",
    "sampleCount" : 4,
    "errorCount" : 0,
    "errorPct" : 0.0,
    "meanResTime" : 708.0,
    "medianResTime" : 708.0,
    "minResTime" : 708.0,
    "maxResTime" : 708.0,
    "pct1ResTime" : 708.0,
    "pct2ResTime" : 708.0,
    "pct3ResTime" : 708.0,
    "throughput" : 1.0551305724083355,
    "receivedKBytesPerSec" : 2.340040556581377,
    "sentKBytesPerSec" : 0.27408665259825904
  },
  "Interconnection Map" : {
    "transaction" : "Interconnection Map",
    "sampleCount" : 12,
    "errorCount" : 0,
    "errorPct" : 0.0,
    "meanResTime" : 2739.333333333333,
    "medianResTime" : 2689.0,
    "minResTime" : 2664.0,
    "maxResTime" : 2865.0,
    "pct1ResTime" : 2865.0,
    "pct2ResTime" : 2865.0,
    "pct3ResTime" : 2865.0,
    "throughput" : 0.2017993777852518,
    "receivedKBytesPerSec" : 0.6867879214664088,
    "sentKBytesPerSec" : 0.41995554107458166
  }
}