{
  "Enhanced Entity Search" : {
    "transaction" : "Enhanced Entity Search",
    "sampleCount" : 12,
    "errorCount" : 0,
    "errorPct" : 0.0,
    "meanResTime" : 7618.999999999999,
    "medianResTime" : 5779.0,
    "minResTime" : 3781.0,
    "maxResTime" : 13678.0,
    "pct1ResTime" : 13678.0,
    "pct2ResTime" : 13678.0,
    "pct3ResTime" : 13678.0,
    "throughput" : 0.4625703492406137,
    "receivedKBytesPerSec" : 1.482348243196361,
    "sentKBytesPerSec" : 0.962408329157351
  },
  "Basic Entity Search" : {
    "transaction" : "Basic Entity Search",
    "sampleCount" : 12,
    "errorCount" : 4,
    "errorPct" : 33.333332,
    "meanResTime" : 6204.166666666666,
    "medianResTime" : 6252.5,
    "minResTime" : 53.0,
    "maxResTime" : 11870.0,
    "pct1ResTime" : 11870.0,
    "pct2ResTime" : 11870.0,
    "pct3ResTime" : 11870.0,
    "throughput" : 0.5342593829304126,
    "receivedKBytesPerSec" : 0.8061716697831798,
    "sentKBytesPerSec" : 0.7779978351364588
  },
  "Radial Map" : {
    "transaction" : "Radial Map",
    "sampleCount" : 12,
    "errorCount" : 0,
    "errorPct" : 0.0,
    "meanResTime" : 55206.16666666667,
    "medianResTime" : 59277.0,
    "minResTime" : 46035.0,
    "maxResTime" : 60231.0,
    "pct1ResTime" : 60231.0,
    "pct2ResTime" : 60231.0,
    "pct3ResTime" : 60231.0,
    "throughput" : 0.07128176493649983,
    "receivedKBytesPerSec" : 171.51231457459636,
    "sentKBytesPerSec" : 0.15331844460218835
  },
  "EPR" : {
    "transaction" : "EPR",
    "sampleCount" : 12,
    "errorCount" : 4,
    "errorPct" : 33.333332,
    "meanResTime" : 48162.50000000001,
    "medianResTime" : 47072.0,
    "minResTime" : 54.0,
    "maxResTime" : 96925.0,
    "pct1ResTime" : 96925.0,
    "pct2ResTime" : 96925.0,
    "pct3ResTime" : 96925.0,
    "throughput" : 0.08151730884191077,
    "receivedKBytesPerSec" : 35.650859986379814,
    "sentKBytesPerSec" : 0.12149316358485952
  },
  "Total" : {
    "transaction" : "Total",
    "sampleCount" : 60,
    "errorCount" : 10,
    "errorPct" : 16.666666,
    "meanResTime" : 11984.833333333338,
    "medianResTime" : 1153.5,
    "minResTime" : 53.0,
    "maxResTime" : 96486.0,
    "pct1ResTime" : 57747.499999999985,
    "pct2ResTime" : 59605.0,
    "pct3ResTime" : 96486.0,
    "throughput" : 0.35783936590864357,
    "receivedKBytesPerSec" : 102.16963878352507,
    "sentKBytesPerSec" : 0.3582354120818498
  },
  "Token" : {
    "transaction" : "Token",
    "sampleCount" : 30,
    "errorCount" : 0,
    "errorPct" : 0.0,
    "meanResTime" : 847.8000000000002,
    "medianResTime" : 626.0,
    "minResTime" : 215.0,
    "maxResTime" : 2477.0,
    "pct1ResTime" : 1312.0,
    "pct2ResTime" : 2477.0,
    "pct3ResTime" : 2477.0,
    "throughput" : 0.24663953631767174,
    "receivedKBytesPerSec" : 0.5202713291815678,
    "sentKBytesPerSec" : 0.062382460845973604
  },
  "Interconnection Map" : {
    "transaction" : "Interconnection Map",
    "sampleCount" : 12,
    "errorCount" : 12,
    "errorPct" : 100.0,
    "meanResTime" : 537.0,
    "medianResTime" : 396.0,
    "minResTime" : 141.0,
    "maxResTime" : 1438.0,
    "pct1ResTime" : 1438.0,
    "pct2ResTime" : 1438.0,
    "pct3ResTime" : 1438.0,
    "throughput" : 2.844275894761792,
    "receivedKBytesPerSec" : 4.9372074247452,
    "sentKBytesPerSec" : 6.259351297700877
  }
}