{
  "Enhanced Entity Search" : {
    "transaction" : "Enhanced Entity Search",
    "sampleCount" : 12,
    "errorCount" : 0,
    "errorPct" : 0.0,
    "meanResTime" : 598.3333333333334,
    "medianResTime" : 612.0,
    "minResTime" : 525.0,
    "maxResTime" : 658.0,
    "pct1ResTime" : 658.0,
    "pct2ResTime" : 658.0,
    "pct3ResTime" : 658.0,
    "throughput" : 0.12057514343418103,
    "receivedKBytesPerSec" : 0.693189325583031,
    "sentKBytesPerSec" : 0.2572819222692242
  },
  "Radial Map" : {
    "transaction" : "Radial Map",
    "sampleCount" : 12,
    "errorCount" : 0,
    "errorPct" : 0.0,
    "meanResTime" : 18421.666666666668,
    "medianResTime" : 17661.0,
    "minResTime" : 14448.0,
    "maxResTime" : 23156.0,
    "pct1ResTime" : 23156.0,
    "pct2ResTime" : 23156.0,
    "pct3ResTime" : 23156.0,
    "throughput" : 0.10590228748940977,
    "receivedKBytesPerSec" : 38.8297355972889,
    "sentKBytesPerSec" : 0.2330057165172268
  },
  "EPR" : {
    "transaction" : "EPR",
    "sampleCount" : 12,
    "errorCount" : 0,
    "errorPct" : 0.0,
    "meanResTime" : 4795.666666666666,
    "medianResTime" : 3236.0,
    "minResTime" : 3116.0,
    "maxResTime" : 8035.0,
    "pct1ResTime" : 8035.0,
    "pct2ResTime" : 8035.0,
    "pct3ResTime" : 8035.0,
    "throughput" : 0.18955549237039143,
    "receivedKBytesPerSec" : 13.26080120762645,
    "sentKBytesPerSec" : 0.38096211259596247
  },
  "Total" : {
    "transaction" : "Total",
    "sampleCount" : 26,
    "errorCount" : 0,
    "errorPct" : 0.0,
    "meanResTime" : 9703.076923076924,
    "medianResTime" : 7450.0,
    "minResTime" : 525.0,
    "maxResTime" : 38291.0,
    "pct1ResTime" : 27696.50000000001,
    "pct2ResTime" : 38291.0,
    "pct3ResTime" : 38291.0,
    "throughput" : 0.20597159176430513,
    "receivedKBytesPerSec" : 24.47411949620141,
    "sentKBytesPerSec" : 0.412593033803107
  },
  "Token" : {
    "transaction" : "Token",
    "sampleCount" : 4,
    "errorCount" : 0,
    "errorPct" : 0.0,
    "meanResTime" : 747.0,
    "medianResTime" : 747.0,
    "minResTime" : 747.0,
    "maxResTime" : 747.0,
    "pct1ResTime" : 747.0,
    "pct2ResTime" : 747.0,
    "pct3ResTime" : 747.0,
    "throughput" : 1.0211896859841716,
    "receivedKBytesPerSec" : 2.2647673602246616,
    "sentKBytesPerSec" : 0.2652699770232321
  },
  "Interconnection Map" : {
    "transaction" : "Interconnection Map",
    "sampleCount" : 12,
    "errorCount" : 0,
    "errorPct" : 0.0,
    "meanResTime" : 17982.0,
    "medianResTime" : 8205.0,
    "minResTime" : 7450.0,
    "maxResTime" : 38291.0,
    "pct1ResTime" : 38291.0,
    "pct2ResTime" : 38291.0,
    "pct3ResTime" : 38291.0,
    "throughput" : 0.1219995730014945,
    "receivedKBytesPerSec" : 8.759188092841674,
    "sentKBytesPerSec" : 0.2744990392533626
  }
}