{
  "Enhanced Entity Search" : {
    "transaction" : "Enhanced Entity Search",
    "sampleCount" : 6,
    "errorCount" : 0,
    "errorPct" : 0.0,
    "meanResTime" : 1250.6666666666667,
    "medianResTime" : 306.0,
    "minResTime" : 257.0,
    "maxResTime" : 3189.0,
    "pct1ResTime" : 3189.0,
    "pct2ResTime" : 3189.0,
    "pct3ResTime" : 3189.0,
    "throughput" : 0.020702576435637415,
    "receivedKBytesPerSec" : 0.037422332990590675,
    "sentKBytesPerSec" : 0.04033363280185219
  },
  "RED List Report" : {
    "transaction" : "RED List Report",
    "sampleCount" : 6,
    "errorCount" : 0,
    "errorPct" : 0.0,
    "meanResTime" : 12238.0,
    "medianResTime" : 8042.0,
    "minResTime" : 7959.0,
    "maxResTime" : 20713.0,
    "pct1ResTime" : 20713.0,
    "pct2ResTime" : 20713.0,
    "pct3ResTime" : 20713.0,
    "throughput" : 0.03250341285835012,
    "receivedKBytesPerSec" : 0.48783686740232723,
    "sentKBytesPerSec" : 0.06405457729311577
  },
  "FPR - 1 Year" : {
    "transaction" : "FPR - 1 Year",
    "sampleCount" : 6,
    "errorCount" : 0,
    "errorPct" : 0.0,
    "meanResTime" : 568.6666666666667,
    "medianResTime" : 294.0,
    "minResTime" : 275.0,
    "maxResTime" : 1137.0,
    "pct1ResTime" : 1137.0,
    "pct2ResTime" : 1137.0,
    "pct3ResTime" : 1137.0,
    "throughput" : 0.03655104353229285,
    "receivedKBytesPerSec" : 0.15416402052341094,
    "sentKBytesPerSec" : 0.0731377814430352
  },
  "Radial Map" : {
    "transaction" : "Radial Map",
    "sampleCount" : 6,
    "errorCount" : 0,
    "errorPct" : 0.0,
    "meanResTime" : 49635.0,
    "medianResTime" : 26713.0,
    "minResTime" : 25323.0,
    "maxResTime" : 96869.0,
    "pct1ResTime" : 96869.0,
    "pct2ResTime" : 96869.0,
    "pct3ResTime" : 96869.0,
    "throughput" : 0.019180236684120684,
    "receivedKBytesPerSec" : 113.10553730436159,
    "sentKBytesPerSec" : 0.03882874086541228
  },
  "Basic Entity Search" : {
    "transaction" : "Basic Entity Search",
    "sampleCount" : 6,
    "errorCount" : 0,
    "errorPct" : 0.0,
    "meanResTime" : 225.33333333333334,
    "medianResTime" : 234.0,
    "minResTime" : 173.0,
    "maxResTime" : 269.0,
    "pct1ResTime" : 269.0,
    "pct2ResTime" : 269.0,
    "pct3ResTime" : 269.0,
    "throughput" : 0.03233542615397052,
    "receivedKBytesPerSec" : 0.022009562528630323,
    "sentKBytesPerSec" : 0.0604394586510738
  },
  "EPR" : {
    "transaction" : "EPR",
    "sampleCount" : 6,
    "errorCount" : 0,
    "errorPct" : 0.0,
    "meanResTime" : 18287.333333333332,
    "medianResTime" : 17586.0,
    "minResTime" : 16633.0,
    "maxResTime" : 20643.0,
    "pct1ResTime" : 20643.0,
    "pct2ResTime" : 20643.0,
    "pct3ResTime" : 20643.0,
    "throughput" : 0.029120559114735003,
    "receivedKBytesPerSec" : 0.31893268600757135,
    "sentKBytesPerSec" : 0.05579544627256844
  },
  "Total" : {
    "transaction" : "Total",
    "sampleCount" : 31,
    "errorCount" : 0,
    "errorPct" : 0.0,
    "meanResTime" : 11834.677419354839,
    "medianResTime" : 6816.0,
    "minResTime" : 173.0,
    "maxResTime" : 96869.0,
    "pct1ResTime" : 26435.0,
    "pct2ResTime" : 56111.599999999904,
    "pct3ResTime" : 96869.0,
    "throughput" : 0.08430006472069485,
    "receivedKBytesPerSec" : 67.84374349903734,
    "sentKBytesPerSec" : 0.16412806199589922
  },
  "LBO Map" : {
    "transaction" : "LBO Map",
    "sampleCount" : 6,
    "errorCount" : 0,
    "errorPct" : 0.0,
    "meanResTime" : 8102.0,
    "medianResTime" : 6656.0,
    "minResTime" : 6167.0,
    "maxResTime" : 11483.0,
    "pct1ResTime" : 11483.0,
    "pct2ResTime" : 11483.0,
    "pct3ResTime" : 11483.0,
    "throughput" : 0.030006751519091795,
    "receivedKBytesPerSec" : 44.27358460341077,
    "sentKBytesPerSec" : 0.06074608974519267
  },
  "Token" : {
    "transaction" : "Token",
    "sampleCount" : 2,
    "errorCount" : 0,
    "errorPct" : 0.0,
    "meanResTime" : 579.0,
    "medianResTime" : 579.0,
    "minResTime" : 579.0,
    "maxResTime" : 579.0,
    "pct1ResTime" : 579.0,
    "pct2ResTime" : 579.0,
    "pct3ResTime" : 579.0,
    "throughput" : 0.5422993492407809,
    "receivedKBytesPerSec" : 1.2026970919197397,
    "sentKBytesPerSec" : 0.13716360493492408
  },
  "FPR - 5 Year" : {
    "transaction" : "FPR - 5 Year",
    "sampleCount" : 6,
    "errorCount" : 0,
    "errorPct" : 0.0,
    "meanResTime" : 4406.333333333333,
    "medianResTime" : 3931.0,
    "minResTime" : 3921.0,
    "maxResTime" : 5367.0,
    "pct1ResTime" : 5367.0,
    "pct2ResTime" : 5367.0,
    "pct3ResTime" : 5367.0,
    "throughput" : 0.035943640371896866,
    "receivedKBytesPerSec" : 0.5909288922469568,
    "sentKBytesPerSec" : 0.07153626863078692
  },
  "Interconnection Map" : {
    "transaction" : "Interconnection Map",
    "sampleCount" : 6,
    "errorCount" : 0,
    "errorPct" : 0.0,
    "meanResTime" : 14280.0,
    "medianResTime" : 7084.0,
    "minResTime" : 6816.0,
    "maxResTime" : 28940.0,
    "pct1ResTime" : 28940.0,
    "pct2ResTime" : 28940.0,
    "pct3ResTime" : 28940.0,
    "throughput" : 0.026936389715686408,
    "receivedKBytesPerSec" : 3.514225570378052,
    "sentKBytesPerSec" : 0.06102775794960201
  },
  "Investee Companies Map" : {
    "transaction" : "Investee Companies Map",
    "sampleCount" : 6,
    "errorCount" : 0,
    "errorPct" : 0.0,
    "meanResTime" : 13105.333333333332,
    "medianResTime" : 15597.0,
    "minResTime" : 7510.0,
    "maxResTime" : 16209.0,
    "pct1ResTime" : 16209.0,
    "pct2ResTime" : 16209.0,
    "pct3ResTime" : 16209.0,
    "throughput" : 0.031122269020893416,
    "receivedKBytesPerSec" : 23.75881311336805,
    "sentKBytesPerSec" : 0.06300435906280473
  }
}