{
  "Enhanced Entity Search" : {
    "transaction" : "Enhanced Entity Search",
    "sampleCount" : 6,
    "errorCount" : 0,
    "errorPct" : 0.0,
    "meanResTime" : 756.3333333333334,
    "medianResTime" : 382.0,
    "minResTime" : 374.0,
    "maxResTime" : 1513.0,
    "pct1ResTime" : 1513.0,
    "pct2ResTime" : 1513.0,
    "pct3ResTime" : 1513.0,
    "throughput" : 0.021319688732544504,
    "receivedKBytesPerSec" : 0.10416250266496109,
    "sentKBytesPerSec" : 0.044180058096151796
  },
  "Radial Map" : {
    "transaction" : "Radial Map",
    "sampleCount" : 6,
    "errorCount" : 0,
    "errorPct" : 0.0,
    "meanResTime" : 26044.666666666664,
    "medianResTime" : 16419.0,
    "minResTime" : 16117.0,
    "maxResTime" : 45598.0,
    "pct1ResTime" : 45598.0,
    "pct2ResTime" : 45598.0,
    "pct3ResTime" : 45598.0,
    "throughput" : 0.020301614316698417,
    "receivedKBytesPerSec" : 59.59739123198654,
    "sentKBytesPerSec" : 0.0435572721228383
  },
  "EPR" : {
    "transaction" : "EPR",
    "sampleCount" : 6,
    "errorCount" : 0,
    "errorPct" : 0.0,
    "meanResTime" : 85191.33333333334,
    "medianResTime" : 81787.0,
    "minResTime" : 67794.0,
    "maxResTime" : 105993.0,
    "pct1ResTime" : 105993.0,
    "pct2ResTime" : 105993.0,
    "pct3ResTime" : 105993.0,
    "throughput" : 0.01882595094584715,
    "receivedKBytesPerSec" : 3.3550271368238738,
    "sentKBytesPerSec" : 0.03682458959426938
  },
  "Total" : {
    "transaction" : "Total",
    "sampleCount" : 13,
    "errorCount" : 0,
    "errorPct" : 0.0,
    "meanResTime" : 29358.615384615383,
    "medianResTime" : 16117.0,
    "minResTime" : 374.0,
    "maxResTime" : 105993.0,
    "pct1ResTime" : 96310.59999999999,
    "pct2ResTime" : 105993.0,
    "pct3ResTime" : 105993.0,
    "throughput" : 0.033974759367233175,
    "receivedKBytesPerSec" : 24.531524513605586,
    "sentKBytesPerSec" : 0.0662778339849518
  },
  "Token" : {
    "transaction" : "Token",
    "sampleCount" : 2,
    "errorCount" : 0,
    "errorPct" : 0.0,
    "meanResTime" : 677.0,
    "medianResTime" : 677.0,
    "minResTime" : 677.0,
    "maxResTime" : 677.0,
    "pct1ResTime" : 677.0,
    "pct2ResTime" : 677.0,
    "pct3ResTime" : 677.0,
    "throughput" : 0.5213764337851929,
    "receivedKBytesPerSec" : 1.1562948057872784,
    "sentKBytesPerSec" : 0.13187157846715328
  },
  "Interconnection Map" : {
    "transaction" : "Interconnection Map",
    "sampleCount" : 6,
    "errorCount" : 0,
    "errorPct" : 0.0,
    "meanResTime" : 15002.666666666666,
    "medianResTime" : 15200.0,
    "minResTime" : 13609.0,
    "maxResTime" : 16199.0,
    "pct1ResTime" : 16199.0,
    "pct2ResTime" : 16199.0,
    "pct3ResTime" : 16199.0,
    "throughput" : 0.022545541994829558,
    "receivedKBytesPerSec" : 0.21312582666987315,
    "sentKBytesPerSec" : 0.04949451016052426
  }
}