{
  "Enhanced Entity Search" : {
    "transaction" : "Enhanced Entity Search",
    "sampleCount" : 12,
    "errorCount" : 0,
    "errorPct" : 0.0,
    "meanResTime" : 700.0000000000001,
    "medianResTime" : 660.0,
    "minResTime" : 565.0,
    "maxResTime" : 954.0,
    "pct1ResTime" : 954.0,
    "pct2ResTime" : 954.0,
    "pct3ResTime" : 954.0,
    "throughput" : 0.01674822119934012,
    "receivedKBytesPerSec" : 0.06588887607572429,
    "sentKBytesPerSec" : 0.03523832282615067
  },
  "Basic Entity Search" : {
    "transaction" : "Basic Entity Search",
    "sampleCount" : 12,
    "errorCount" : 0,
    "errorPct" : 0.0,
    "meanResTime" : 6793.0,
    "medianResTime" : 937.0,
    "minResTime" : 437.0,
    "maxResTime" : 19308.0,
    "pct1ResTime" : 19308.0,
    "pct2ResTime" : 19308.0,
    "pct3ResTime" : 19308.0,
    "throughput" : 0.0163204021347086,
    "receivedKBytesPerSec" : 0.02966838727906256,
    "sentKBytesPerSec" : 0.033110972104352654
  },
  "Radial Map" : {
    "transaction" : "Radial Map",
    "sampleCount" : 12,
    "errorCount" : 0,
    "errorPct" : 0.0,
    "meanResTime" : 95527.16666666666,
    "medianResTime" : 60719.5,
    "minResTime" : 56746.0,
    "maxResTime" : 169121.0,
    "pct1ResTime" : 169121.0,
    "pct2ResTime" : 169121.0,
    "pct3ResTime" : 169121.0,
    "throughput" : 0.015535026305977879,
    "receivedKBytesPerSec" : 108.5081460378239,
    "sentKBytesPerSec" : 0.03341396038956668
  },
  "EPR" : {
    "transaction" : "EPR",
    "sampleCount" : 12,
    "errorCount" : 0,
    "errorPct" : 0.0,
    "meanResTime" : 164779.16666666666,
    "medianResTime" : 48998.5,
    "minResTime" : 45486.0,
    "maxResTime" : 399858.0,
    "pct1ResTime" : 399858.0,
    "pct2ResTime" : 399858.0,
    "pct3ResTime" : 399858.0,
    "throughput" : 0.018499476618973987,
    "receivedKBytesPerSec" : 11.928702800319732,
    "sentKBytesPerSec" : 0.03778481967635165
  },
  "Total" : {
    "transaction" : "Total",
    "sampleCount" : 60,
    "errorCount" : 6,
    "errorPct" : 10.0,
    "meanResTime" : 26843.633333333346,
    "medianResTime" : 218.5,
    "minResTime" : 55.0,
    "maxResTime" : 399787.0,
    "pct1ResTime" : 60291.09999999999,
    "pct2ResTime" : 168943.0,
    "pct3ResTime" : 399787.0,
    "throughput" : 0.07079412125617089,
    "receivedKBytesPerSec" : 54.10502247049655,
    "sentKBytesPerSec" : 0.07900043199162742
  },
  "Token" : {
    "transaction" : "Token",
    "sampleCount" : 60,
    "errorCount" : 0,
    "errorPct" : 0.0,
    "meanResTime" : 168.86666666666667,
    "medianResTime" : 100.0,
    "minResTime" : 61.0,
    "maxResTime" : 671.0,
    "pct1ResTime" : 452.0,
    "pct2ResTime" : 671.0,
    "pct3ResTime" : 671.0,
    "throughput" : 0.07452194174371407,
    "receivedKBytesPerSec" : 0.1652727829101315,
    "sentKBytesPerSec" : 0.018848811437130807
  },
  "Interconnection Map" : {
    "transaction" : "Interconnection Map",
    "sampleCount" : 12,
    "errorCount" : 12,
    "errorPct" : 100.0,
    "meanResTime" : 214.83333333333331,
    "medianResTime" : 214.5,
    "minResTime" : 55.0,
    "maxResTime" : 408.0,
    "pct1ResTime" : 408.0,
    "pct2ResTime" : 408.0,
    "pct3ResTime" : 408.0,
    "throughput" : 0.01988279094736528,
    "receivedKBytesPerSec" : 0.03451334073138846,
    "sentKBytesPerSec" : 0.043755731835827795
  }
}