{
  "Enhanced Entity Search" : {
    "transaction" : "Enhanced Entity Search",
    "sampleCount" : 40,
    "errorCount" : 0,
    "errorPct" : 0.0,
    "meanResTime" : 6150.0,
    "medianResTime" : 6146.0,
    "minResTime" : 1659.0,
    "maxResTime" : 11819.0,
    "pct1ResTime" : 11549.399999999996,
    "pct2ResTime" : 11819.0,
    "pct3ResTime" : 11819.0,
    "throughput" : 2.018061651783462,
    "receivedKBytesPerSec" : 11.601883734423085,
    "sentKBytesPerSec" : 4.3061178800262345
  },
  "Radial Map" : {
    "transaction" : "Radial Map",
    "sampleCount" : 40,
    "errorCount" : 40,
    "errorPct" : 100.0,
    "meanResTime" : 180026.9,
    "medianResTime" : 180025.0,
    "minResTime" : 180018.0,
    "maxResTime" : 180046.0,
    "pct1ResTime" : 180044.6,
    "pct2ResTime" : 180046.0,
    "pct3ResTime" : 180046.0,
    "throughput" : 0.2034256885959559,
    "receivedKBytesPerSec" : 0.6325267504780504,
    "sentKBytesPerSec" : 0.0
  },
  "EPR" : {
    "transaction" : "EPR",
    "sampleCount" : 40,
    "errorCount" : 40,
    "errorPct" : 100.0,
    "meanResTime" : 24.4,
    "medianResTime" : 24.0,
    "minResTime" : 21.0,
    "maxResTime" : 28.0,
    "pct1ResTime" : 27.799999999999997,
    "pct2ResTime" : 28.0,
    "pct3ResTime" : 28.0,
    "throughput" : 769.2307692307693,
    "receivedKBytesPerSec" : 516.8269230769231,
    "sentKBytesPerSec" : 1545.9735576923078
  },
  "Total" : {
    "transaction" : "Total",
    "sampleCount" : 122,
    "errorCount" : 100,
    "errorPct" : 81.96722,
    "meanResTime" : 77502.47540983604,
    "medianResTime" : 11819.0,
    "minResTime" : 21.0,
    "maxResTime" : 180164.0,
    "pct1ResTime" : 180092.7,
    "pct2ResTime" : 180128.95,
    "pct3ResTime" : 180164.0,
    "throughput" : 0.25482443223236645,
    "receivedKBytesPerSec" : 0.5934140742980317,
    "sentKBytesPerSec" : 0.35800417640534626
  },
  "LBO Map" : {
    "transaction" : "LBO Map",
    "sampleCount" : 40,
    "errorCount" : 40,
    "errorPct" : 100.0,
    "meanResTime" : 106206.2,
    "medianResTime" : 105196.0,
    "minResTime" : 97045.0,
    "maxResTime" : 113595.0,
    "pct1ResTime" : 113457.7,
    "pct2ResTime" : 113595.0,
    "pct3ResTime" : 113595.0,
    "throughput" : 0.3521250748265784,
    "receivedKBytesPerSec" : 0.23658403464910735,
    "sentKBytesPerSec" : 0.7747439390471496
  },
  "Token" : {
    "transaction" : "Token",
    "sampleCount" : 4,
    "errorCount" : 0,
    "errorPct" : 0.0,
    "meanResTime" : 1578.0,
    "medianResTime" : 1578.0,
    "minResTime" : 1578.0,
    "maxResTime" : 1578.0,
    "pct1ResTime" : 1578.0,
    "pct2ResTime" : 1578.0,
    "pct3ResTime" : 1578.0,
    "throughput" : 1.8315018315018314,
    "receivedKBytesPerSec" : 4.061856112637362,
    "sentKBytesPerSec" : 0.4757612179487179
  },
  "Interconnection Map" : {
    "transaction" : "Interconnection Map",
    "sampleCount" : 40,
    "errorCount" : 40,
    "errorPct" : 100.0,
    "meanResTime" : 180108.49999999997,
    "medianResTime" : 180097.0,
    "minResTime" : 180083.0,
    "maxResTime" : 180164.0,
    "pct1ResTime" : 180160.9,
    "pct2ResTime" : 180164.0,
    "pct3ResTime" : 180164.0,
    "throughput" : 0.20334295823335638,
    "receivedKBytesPerSec" : 0.6322695107568426,
    "sentKBytesPerSec" : 0.0
  },
  "Investee Companies Map" : {
    "transaction" : "Investee Companies Map",
    "sampleCount" : 40,
    "errorCount" : 40,
    "errorPct" : 100.0,
    "meanResTime" : 91.29999999999997,
    "medianResTime" : 93.5,
    "minResTime" : 72.0,
    "maxResTime" : 99.0,
    "pct1ResTime" : 98.8,
    "pct2ResTime" : 99.0,
    "pct3ResTime" : 99.0,
    "throughput" : 400.0,
    "receivedKBytesPerSec" : 268.75,
    "sentKBytesPerSec" : 880.078125
  }
}