{
  "Enhanced Entity Search" : {
    "transaction" : "Enhanced Entity Search",
    "sampleCount" : 120,
    "errorCount" : 92,
    "errorPct" : 76.666664,
    "meanResTime" : 7127.200000000001,
    "medianResTime" : 451.0,
    "minResTime" : 15.0,
    "maxResTime" : 28497.0,
    "pct1ResTime" : 27761.4,
    "pct2ResTime" : 28211.999999999996,
    "pct3ResTime" : 28497.0,
    "throughput" : 3.8063820338768,
    "receivedKBytesPerSec" : 8.824933190065343,
    "sentKBytesPerSec" : 3.803903920573495
  },
  "Radial Map" : {
    "transaction" : "Radial Map",
    "sampleCount" : 120,
    "errorCount" : 104,
    "errorPct" : 86.666664,
    "meanResTime" : 747055.35,
    "medianResTime" : 1511.5,
    "minResTime" : 15.0,
    "maxResTime" : 3622631.0,
    "pct1ResTime" : 3619341.3,
    "pct2ResTime" : 3621634.7,
    "pct3ResTime" : 3622631.0,
    "throughput" : 0.01649587025888069,
    "receivedKBytesPerSec" : 0.9302129707921373,
    "sentKBytesPerSec" : 0.01394201742843679
  },
  "EPR" : {
    "transaction" : "EPR",
    "sampleCount" : 120,
    "errorCount" : 108,
    "errorPct" : 90.0,
    "meanResTime" : 1951917.733333334,
    "medianResTime" : 3619181.0,
    "minResTime" : 16.0,
    "maxResTime" : 3623122.0,
    "pct1ResTime" : 3622385.8,
    "pct2ResTime" : 3622841.2,
    "pct3ResTime" : 3623122.0,
    "throughput" : 0.016060563313551178,
    "receivedKBytesPerSec" : 0.16967786474944585,
    "sentKBytesPerSec" : 0.011788725330640156
  },
  "Total" : {
    "transaction" : "Total",
    "sampleCount" : 480,
    "errorCount" : 212,
    "errorPct" : 44.166668,
    "meanResTime" : 338887.48750000016,
    "medianResTime" : 675.5,
    "minResTime" : 15.0,
    "maxResTime" : 3621645.0,
    "pct1ResTime" : 223396.20000000106,
    "pct2ResTime" : 3619214.8,
    "pct3ResTime" : 3621634.19,
    "throughput" : 0.06424672455475013,
    "receivedKBytesPerSec" : 0.5863687394076559,
    "sentKBytesPerSec" : 0.033729268970652364
  },
  "Token" : {
    "transaction" : "Token",
    "sampleCount" : 240,
    "errorCount" : 0,
    "errorPct" : 0.0,
    "meanResTime" : 1705.9833333333338,
    "medianResTime" : 995.0,
    "minResTime" : 85.0,
    "maxResTime" : 8028.0,
    "pct1ResTime" : 5114.600000000002,
    "pct2ResTime" : 6426.399999999996,
    "pct3ResTime" : 7948.870000000001,
    "throughput" : 0.03312516010494051,
    "receivedKBytesPerSec" : 0.04251277872061798,
    "sentKBytesPerSec" : 0.00837833639373007
  },
  "Interconnection Map" : {
    "transaction" : "Interconnection Map",
    "sampleCount" : 120,
    "errorCount" : 120,
    "errorPct" : 100.0,
    "meanResTime" : 1587.6499999999999,
    "medianResTime" : 866.5,
    "minResTime" : 16.0,
    "maxResTime" : 7856.0,
    "pct1ResTime" : 4468.900000000001,
    "pct2ResTime" : 5594.199999999995,
    "pct3ResTime" : 7856.0,
    "throughput" : 7.608902415826517,
    "receivedKBytesPerSec" : 8.93154365607761,
    "sentKBytesPerSec" : 8.488186386405427
  }
}