{
  "Enhanced Entity Search" : {
    "transaction" : "Enhanced Entity Search",
    "sampleCount" : 6,
    "errorCount" : 0,
    "errorPct" : 0.0,
    "meanResTime" : 3605.666666666667,
    "medianResTime" : 920.0,
    "minResTime" : 392.0,
    "maxResTime" : 9505.0,
    "pct1ResTime" : 9505.0,
    "pct2ResTime" : 9505.0,
    "pct3ResTime" : 9505.0,
    "throughput" : 0.01319455592622484,
    "receivedKBytesPerSec" : 0.06446519853408483,
    "sentKBytesPerSec" : 0.02734262468305577
  },
  "Radial Map" : {
    "transaction" : "Radial Map",
    "sampleCount" : 6,
    "errorCount" : 0,
    "errorPct" : 0.0,
    "meanResTime" : 78582.0,
    "medianResTime" : 69126.0,
    "minResTime" : 58690.0,
    "maxResTime" : 107930.0,
    "pct1ResTime" : 107930.0,
    "pct2ResTime" : 107930.0,
    "pct3ResTime" : 107930.0,
    "throughput" : 0.01168369890329013,
    "receivedKBytesPerSec" : 34.29865052669141,
    "sentKBytesPerSec" : 0.025067467275906658
  },
  "EPR" : {
    "transaction" : "EPR",
    "sampleCount" : 6,
    "errorCount" : 0,
    "errorPct" : 0.0,
    "meanResTime" : 101628.66666666666,
    "medianResTime" : 94959.0,
    "minResTime" : 86161.0,
    "maxResTime" : 123766.0,
    "pct1ResTime" : 123766.0,
    "pct2ResTime" : 123766.0,
    "pct3ResTime" : 123766.0,
    "throughput" : 0.01267641342009634,
    "receivedKBytesPerSec" : 2.2591002783529115,
    "sentKBytesPerSec" : 0.024795757891067353
  },
  "Total" : {
    "transaction" : "Total",
    "sampleCount" : 13,
    "errorCount" : 0,
    "errorPct" : 0.0,
    "meanResTime" : 48288.30769230768,
    "medianResTime" : 36123.0,
    "minResTime" : 392.0,
    "maxResTime" : 123766.0,
    "pct1ResTime" : 117431.59999999999,
    "pct2ResTime" : 123766.0,
    "pct3ResTime" : 123766.0,
    "throughput" : 0.020675253788740258,
    "receivedKBytesPerSec" : 14.928597128863291,
    "sentKBytesPerSec" : 0.04033320805587408
  },
  "Token" : {
    "transaction" : "Token",
    "sampleCount" : 2,
    "errorCount" : 0,
    "errorPct" : 0.0,
    "meanResTime" : 916.0,
    "medianResTime" : 916.0,
    "minResTime" : 916.0,
    "maxResTime" : 916.0,
    "pct1ResTime" : 916.0,
    "pct2ResTime" : 916.0,
    "pct3ResTime" : 916.0,
    "throughput" : 0.4860267314702309,
    "receivedKBytesPerSec" : 1.0778971749696233,
    "sentKBytesPerSec" : 0.1229305893074119
  },
  "Interconnection Map" : {
    "transaction" : "Interconnection Map",
    "sampleCount" : 6,
    "errorCount" : 0,
    "errorPct" : 0.0,
    "meanResTime" : 25127.666666666664,
    "medianResTime" : 21532.0,
    "minResTime" : 17728.0,
    "maxResTime" : 36123.0,
    "pct1ResTime" : 36123.0,
    "pct2ResTime" : 36123.0,
    "pct3ResTime" : 36123.0,
    "throughput" : 0.01417427746620616,
    "receivedKBytesPerSec" : 0.1339912166727301,
    "sentKBytesPerSec" : 0.03111696850003071
  }
}