{
  "Enhanced Entity Search" : {
    "transaction" : "Enhanced Entity Search",
    "sampleCount" : 6,
    "errorCount" : 0,
    "errorPct" : 0.0,
    "meanResTime" : 224.0,
    "medianResTime" : 213.0,
    "minResTime" : 206.0,
    "maxResTime" : 253.0,
    "pct1ResTime" : 253.0,
    "pct2ResTime" : 253.0,
    "pct3ResTime" : 253.0,
    "throughput" : 0.00904039247357192,
    "receivedKBytesPerSec" : 0.01894597875809115,
    "sentKBytesPerSec" : 0.01766584505822013
  },
  "RED List Report" : {
    "transaction" : "RED List Report",
    "sampleCount" : 6,
    "errorCount" : 0,
    "errorPct" : 0.0,
    "meanResTime" : 46638.0,
    "medianResTime" : 37518.0,
    "minResTime" : 35487.0,
    "maxResTime" : 66909.0,
    "pct1ResTime" : 66909.0,
    "pct2ResTime" : 66909.0,
    "pct3ResTime" : 66909.0,
    "throughput" : 0.010941956567727064,
    "receivedKBytesPerSec" : 0.3465309096595593,
    "sentKBytesPerSec" : 0.021563348001634
  },
  "Basic Entity Search" : {
    "transaction" : "Basic Entity Search",
    "sampleCount" : 6,
    "errorCount" : 0,
    "errorPct" : 0.0,
    "meanResTime" : 1291.3333333333333,
    "medianResTime" : 740.0,
    "minResTime" : 641.0,
    "maxResTime" : 2493.0,
    "pct1ResTime" : 2493.0,
    "pct2ResTime" : 2493.0,
    "pct3ResTime" : 2493.0,
    "throughput" : 0.008991026955098812,
    "receivedKBytesPerSec" : 0.006190111331391272,
    "sentKBytesPerSec" : 0.01685817554081027
  },
  "Radial Map" : {
    "transaction" : "Radial Map",
    "sampleCount" : 6,
    "errorCount" : 0,
    "errorPct" : 0.0,
    "meanResTime" : 57335.0,
    "medianResTime" : 50436.0,
    "minResTime" : 38777.0,
    "maxResTime" : 82792.0,
    "pct1ResTime" : 82792.0,
    "pct2ResTime" : 82792.0,
    "pct3ResTime" : 82792.0,
    "throughput" : 0.008544148326414947,
    "receivedKBytesPerSec" : 22.681526438798976,
    "sentKBytesPerSec" : 0.01729689402408026
  },
  "EPR" : {
    "transaction" : "EPR",
    "sampleCount" : 6,
    "errorCount" : 0,
    "errorPct" : 0.0,
    "meanResTime" : 44572.0,
    "medianResTime" : 27199.0,
    "minResTime" : 24869.0,
    "maxResTime" : 81648.0,
    "pct1ResTime" : 81648.0,
    "pct2ResTime" : 81648.0,
    "pct3ResTime" : 81648.0,
    "throughput" : 0.010092090324208401,
    "receivedKBytesPerSec" : 5.858596411000379,
    "sentKBytesPerSec" : 0.019336602750094613
  },
  "Total" : {
    "transaction" : "Total",
    "sampleCount" : 25,
    "errorCount" : 0,
    "errorPct" : 0.0,
    "meanResTime" : 35049.28,
    "medianResTime" : 37518.0,
    "minResTime" : 206.0,
    "maxResTime" : 82792.0,
    "pct1ResTime" : 74941.20000000003,
    "pct2ResTime" : 82448.8,
    "pct3ResTime" : 82792.0,
    "throughput" : 0.028476593379305946,
    "receivedKBytesPerSec" : 22.8605886902077,
    "sentKBytesPerSec" : 0.05449596821271788
  },
  "LBO Map" : {
    "transaction" : "LBO Map",
    "sampleCount" : 6,
    "errorCount" : 0,
    "errorPct" : 0.0,
    "meanResTime" : 44394.333333333336,
    "medianResTime" : 47823.0,
    "minResTime" : 33034.0,
    "maxResTime" : 52326.0,
    "pct1ResTime" : 52326.0,
    "pct2ResTime" : 52326.0,
    "pct3ResTime" : 52326.0,
    "throughput" : 0.009581327908172553,
    "receivedKBytesPerSec" : 30.684558183012946,
    "sentKBytesPerSec" : 0.019396574954728227
  },
  "Token" : {
    "transaction" : "Token",
    "sampleCount" : 2,
    "errorCount" : 0,
    "errorPct" : 0.0,
    "meanResTime" : 1005.0,
    "medianResTime" : 1005.0,
    "minResTime" : 1005.0,
    "maxResTime" : 1005.0,
    "pct1ResTime" : 1005.0,
    "pct2ResTime" : 1005.0,
    "pct3ResTime" : 1005.0,
    "throughput" : 0.47551117451260105,
    "receivedKBytesPerSec" : 1.0545760520684735,
    "sentKBytesPerSec" : 0.12027089277223013
  },
  "Interconnection Map" : {
    "transaction" : "Interconnection Map",
    "sampleCount" : 6,
    "errorCount" : 0,
    "errorPct" : 0.0,
    "meanResTime" : 56322.0,
    "medianResTime" : 62364.0,
    "minResTime" : 36132.0,
    "maxResTime" : 70470.0,
    "pct1ResTime" : 70470.0,
    "pct2ResTime" : 70470.0,
    "pct3ResTime" : 70470.0,
    "throughput" : 0.009152396555037938,
    "receivedKBytesPerSec" : 0.03711010790675538,
    "sentKBytesPerSec" : 0.018984072541895096
  },
  "Investee Companies Map" : {
    "transaction" : "Investee Companies Map",
    "sampleCount" : 6,
    "errorCount" : 0,
    "errorPct" : 0.0,
    "meanResTime" : 40965.666666666664,
    "medianResTime" : 39194.0,
    "minResTime" : 38589.0,
    "maxResTime" : 45114.0,
    "pct1ResTime" : 45114.0,
    "pct2ResTime" : 45114.0,
    "pct3ResTime" : 45114.0,
    "throughput" : 0.009796654116064226,
    "receivedKBytesPerSec" : 2.0862089744699195,
    "sentKBytesPerSec" : 0.01983248435800893
  }
}