{
  "Enhanced Entity Search" : {
    "transaction" : "Enhanced Entity Search",
    "sampleCount" : 6,
    "errorCount" : 0,
    "errorPct" : 0.0,
    "meanResTime" : 1138.6666666666667,
    "medianResTime" : 965.0,
    "minResTime" : 570.0,
    "maxResTime" : 1881.0,
    "pct1ResTime" : 1881.0,
    "pct2ResTime" : 1881.0,
    "pct3ResTime" : 1881.0,
    "throughput" : 0.027318050401802994,
    "receivedKBytesPerSec" : 0.5982226193457327,
    "sentKBytesPerSec" : 0.053595667243381065
  },
  "Basic Entity Search" : {
    "transaction" : "Basic Entity Search",
    "sampleCount" : 6,
    "errorCount" : 0,
    "errorPct" : 0.0,
    "meanResTime" : 3592.666666666667,
    "medianResTime" : 1656.0,
    "minResTime" : 633.0,
    "maxResTime" : 8489.0,
    "pct1ResTime" : 8489.0,
    "pct2ResTime" : 8489.0,
    "pct3ResTime" : 8489.0,
    "throughput" : 0.026245571059883645,
    "receivedKBytesPerSec" : 0.05646386039543327,
    "sentKBytesPerSec" : 0.04944111970167534
  },
  "Radial Map" : {
    "transaction" : "Radial Map",
    "sampleCount" : 6,
    "errorCount" : 0,
    "errorPct" : 0.0,
    "meanResTime" : 99635.33333333333,
    "medianResTime" : 89449.0,
    "minResTime" : 85037.0,
    "maxResTime" : 124420.0,
    "pct1ResTime" : 124420.0,
    "pct2ResTime" : 124420.0,
    "pct3ResTime" : 124420.0,
    "throughput" : 0.019817350090003797,
    "receivedKBytesPerSec" : 36.151975077617955,
    "sentKBytesPerSec" : 0.04011852220368933
  },
  "Total" : {
    "transaction" : "Total",
    "sampleCount" : 10,
    "errorCount" : 0,
    "errorPct" : 0.0,
    "meanResTime" : 31367.0,
    "medianResTime" : 1768.5,
    "minResTime" : 570.0,
    "maxResTime" : 124420.0,
    "pct1ResTime" : 120922.90000000001,
    "pct2ResTime" : 124420.0,
    "pct3ResTime" : 124420.0,
    "throughput" : 0.031758634378721715,
    "receivedKBytesPerSec" : 17.6169703999603,
    "sentKBytesPerSec" : 0.0567313418023025
  },
  "Token" : {
    "transaction" : "Token",
    "sampleCount" : 2,
    "errorCount" : 0,
    "errorPct" : 0.0,
    "meanResTime" : 570.0,
    "medianResTime" : 570.0,
    "minResTime" : 570.0,
    "maxResTime" : 570.0,
    "pct1ResTime" : 570.0,
    "pct2ResTime" : 570.0,
    "pct3ResTime" : 570.0,
    "throughput" : 0.5428881650380022,
    "receivedKBytesPerSec" : 1.2040029519543973,
    "sentKBytesPerSec" : 0.13731253393051032
  }
}