{
  "Enhanced Entity Search" : {
    "transaction" : "Enhanced Entity Search",
    "sampleCount" : 40,
    "errorCount" : 0,
    "errorPct" : 0.0,
    "meanResTime" : 760.6999999999998,
    "medianResTime" : 716.5,
    "minResTime" : 289.0,
    "maxResTime" : 1075.0,
    "pct1ResTime" : 1073.3,
    "pct2ResTime" : 1075.0,
    "pct3ResTime" : 1075.0,
    "throughput" : 5.243151133831432,
    "receivedKBytesPerSec" : 12.042862760519073,
    "sentKBytesPerSec" : 10.281491676497575
  },
  "RED List Report" : {
    "transaction" : "RED List Report",
    "sampleCount" : 40,
    "errorCount" : 0,
    "errorPct" : 0.0,
    "meanResTime" : 49466.5,
    "medianResTime" : 49692.0,
    "minResTime" : 38037.0,
    "maxResTime" : 56403.0,
    "pct1ResTime" : 56376.2,
    "pct2ResTime" : 56403.0,
    "pct3ResTime" : 56403.0,
    "throughput" : 0.6893580353295993,
    "receivedKBytesPerSec" : 26.86207453683757,
    "sentKBytesPerSec" : 1.3632324429125378
  },
  "Basic Entity Search" : {
    "transaction" : "Basic Entity Search",
    "sampleCount" : 40,
    "errorCount" : 0,
    "errorPct" : 0.0,
    "meanResTime" : 958.3999999999997,
    "medianResTime" : 826.0,
    "minResTime" : 314.0,
    "maxResTime" : 2449.0,
    "pct1ResTime" : 2347.8999999999987,
    "pct2ResTime" : 2449.0,
    "pct3ResTime" : 2449.0,
    "throughput" : 4.253056884635832,
    "receivedKBytesPerSec" : 3.1731791600212653,
    "sentKBytesPerSec" : 8.0035552897395
  },
  "Radial Map" : {
    "transaction" : "Radial Map",
    "sampleCount" : 40,
    "errorCount" : 0,
    "errorPct" : 0.0,
    "meanResTime" : 62605.5,
    "medianResTime" : 68214.5,
    "minResTime" : 33937.0,
    "maxResTime" : 90647.0,
    "pct1ResTime" : 90406.9,
    "pct2ResTime" : 90647.0,
    "pct3ResTime" : 90647.0,
    "throughput" : 0.4340748779164406,
    "receivedKBytesPerSec" : 914.9709203743895,
    "sentKBytesPerSec" : 0.8817145957677699
  },
  "EPR" : {
    "transaction" : "EPR",
    "sampleCount" : 40,
    "errorCount" : 0,
    "errorPct" : 0.0,
    "meanResTime" : 60646.00000000001,
    "medianResTime" : 55563.0,
    "minResTime" : 39962.0,
    "maxResTime" : 81565.0,
    "pct1ResTime" : 81405.8,
    "pct2ResTime" : 81565.0,
    "pct3ResTime" : 81565.0,
    "throughput" : 0.4106691854376707,
    "receivedKBytesPerSec" : 237.1807047083222,
    "sentKBytesPerSec" : 0.7896558848894273
  },
  "Total" : {
    "transaction" : "Total",
    "sampleCount" : 162,
    "errorCount" : 38,
    "errorPct" : 23.45679,
    "meanResTime" : 71118.12345679013,
    "medianResTime" : 49109.0,
    "minResTime" : 289.0,
    "maxResTime" : 180111.0,
    "pct1ResTime" : 180090.2,
    "pct2ResTime" : 180093.0,
    "pct3ResTime" : 180111.0,
    "throughput" : 0.27714763757300787,
    "receivedKBytesPerSec" : 102.6318192807078,
    "sentKBytesPerSec" : 0.4134827300239853
  },
  "LBO Map" : {
    "transaction" : "LBO Map",
    "sampleCount" : 40,
    "errorCount" : 36,
    "errorPct" : 90.0,
    "meanResTime" : 170626.90000000005,
    "medianResTime" : 180045.5,
    "minResTime" : 85752.0,
    "maxResTime" : 180108.0,
    "pct1ResTime" : 180106.4,
    "pct2ResTime" : 180108.0,
    "pct3ResTime" : 180108.0,
    "throughput" : 0.17323291598636656,
    "receivedKBytesPerSec" : 45.98004221469622,
    "sentKBytesPerSec" : 0.03518793605973071
  },
  "Token" : {
    "transaction" : "Token",
    "sampleCount" : 4,
    "errorCount" : 0,
    "errorPct" : 0.0,
    "meanResTime" : 627.0,
    "medianResTime" : 627.0,
    "minResTime" : 627.0,
    "maxResTime" : 627.0,
    "pct1ResTime" : 627.0,
    "pct2ResTime" : 627.0,
    "pct3ResTime" : 627.0,
    "throughput" : 3.2948929159802307,
    "receivedKBytesPerSec" : 7.307325988467875,
    "sentKBytesPerSec" : 0.8558999176276771
  },
  "Interconnection Map" : {
    "transaction" : "Interconnection Map",
    "sampleCount" : 40,
    "errorCount" : 0,
    "errorPct" : 0.0,
    "meanResTime" : 50840.200000000004,
    "medianResTime" : 45597.0,
    "minResTime" : 30098.0,
    "maxResTime" : 138379.0,
    "pct1ResTime" : 129451.99999999987,
    "pct2ResTime" : 138379.0,
    "pct3ResTime" : 138379.0,
    "throughput" : 0.20826499638139567,
    "receivedKBytesPerSec" : 0.7024875952161531,
    "sentKBytesPerSec" : 0.43341084696167403
  },
  "Investee Companies Map" : {
    "transaction" : "Investee Companies Map",
    "sampleCount" : 40,
    "errorCount" : 40,
    "errorPct" : 100.0,
    "meanResTime" : 180089.9,
    "medianResTime" : 180092.0,
    "minResTime" : 180075.0,
    "maxResTime" : 180111.0,
    "pct1ResTime" : 180109.7,
    "pct2ResTime" : 180111.0,
    "pct3ResTime" : 180111.0,
    "throughput" : 0.1732344164815224,
    "receivedKBytesPerSec" : 0.5386507637472336,
    "sentKBytesPerSec" : 0.0
  }
}