{
  "Enhanced Entity Search" : {
    "transaction" : "Enhanced Entity Search",
    "sampleCount" : 6,
    "errorCount" : 0,
    "errorPct" : 0.0,
    "meanResTime" : 294.66666666666663,
    "medianResTime" : 298.0,
    "minResTime" : 281.0,
    "maxResTime" : 305.0,
    "pct1ResTime" : 305.0,
    "pct2ResTime" : 305.0,
    "pct3ResTime" : 305.0,
    "throughput" : 0.019318569653102885,
    "receivedKBytesPerSec" : 0.05457873242815102,
    "sentKBytesPerSec" : 0.03820322612063803
  },
  "RED List Report" : {
    "transaction" : "RED List Report",
    "sampleCount" : 6,
    "errorCount" : 2,
    "errorPct" : 33.333332,
    "meanResTime" : 120154.66666666666,
    "medianResTime" : 127339.0,
    "minResTime" : 53104.0,
    "maxResTime" : 180021.0,
    "pct1ResTime" : 180021.0,
    "pct2ResTime" : 180021.0,
    "pct3ResTime" : 180021.0,
    "throughput" : 0.012763459067586769,
    "receivedKBytesPerSec" : 33.04795258162232,
    "sentKBytesPerSec" : 0.016752040026207636
  },
  "Basic Entity Search" : {
    "transaction" : "Basic Entity Search",
    "sampleCount" : 6,
    "errorCount" : 0,
    "errorPct" : 0.0,
    "meanResTime" : 1426.0000000000002,
    "medianResTime" : 362.0,
    "minResTime" : 346.0,
    "maxResTime" : 3570.0,
    "pct1ResTime" : 3570.0,
    "pct2ResTime" : 3570.0,
    "pct3ResTime" : 3570.0,
    "throughput" : 0.019068018801066535,
    "receivedKBytesPerSec" : 0.013518927392162408,
    "sentKBytesPerSec" : 0.03627392639109142
  },
  "Radial Map" : {
    "transaction" : "Radial Map",
    "sampleCount" : 6,
    "errorCount" : 0,
    "errorPct" : 0.0,
    "meanResTime" : 26703.666666666664,
    "medianResTime" : 22316.0,
    "minResTime" : 19189.0,
    "maxResTime" : 38606.0,
    "pct1ResTime" : 38606.0,
    "pct2ResTime" : 38606.0,
    "pct3ResTime" : 38606.0,
    "throughput" : 0.01821233764459837,
    "receivedKBytesPerSec" : 137.59061823677254,
    "sentKBytesPerSec" : 0.03686931243872307
  },
  "EPR" : {
    "transaction" : "EPR",
    "sampleCount" : 6,
    "errorCount" : 0,
    "errorPct" : 0.0,
    "meanResTime" : 21822.333333333336,
    "medianResTime" : 21702.0,
    "minResTime" : 20841.0,
    "maxResTime" : 22924.0,
    "pct1ResTime" : 22924.0,
    "pct2ResTime" : 22924.0,
    "pct3ResTime" : 22924.0,
    "throughput" : 0.019297506440542775,
    "receivedKBytesPerSec" : 9.730108039904028,
    "sentKBytesPerSec" : 0.03697432386361809
  },
  "Total" : {
    "transaction" : "Total",
    "sampleCount" : 19,
    "errorCount" : 1,
    "errorPct" : 5.263158,
    "meanResTime" : 28851.631578947367,
    "medianResTime" : 13923.0,
    "minResTime" : 281.0,
    "maxResTime" : 180021.0,
    "pct1ResTime" : 127339.0,
    "pct2ResTime" : 180021.0,
    "pct3ResTime" : 180021.0,
    "throughput" : 0.03459653160666293,
    "receivedKBytesPerSec" : 72.74599862376363,
    "sentKBytesPerSec" : 0.06168019592106892
  },
  "Token" : {
    "transaction" : "Token",
    "sampleCount" : 2,
    "errorCount" : 0,
    "errorPct" : 0.0,
    "meanResTime" : 923.0,
    "medianResTime" : 923.0,
    "minResTime" : 923.0,
    "maxResTime" : 923.0,
    "pct1ResTime" : 923.0,
    "pct2ResTime" : 923.0,
    "pct3ResTime" : 923.0,
    "throughput" : 0.4976362279173924,
    "receivedKBytesPerSec" : 1.1036444078128886,
    "sentKBytesPerSec" : 0.12586697561582483
  },
  "Interconnection Map" : {
    "transaction" : "Interconnection Map",
    "sampleCount" : 6,
    "errorCount" : 0,
    "errorPct" : 0.0,
    "meanResTime" : 12018.0,
    "medianResTime" : 12322.0,
    "minResTime" : 9809.0,
    "maxResTime" : 13923.0,
    "pct1ResTime" : 13923.0,
    "pct2ResTime" : 13923.0,
    "pct3ResTime" : 13923.0,
    "throughput" : 0.01979211679987861,
    "receivedKBytesPerSec" : 52.736520434535926,
    "sentKBytesPerSec" : 0.041053179768498205
  }
}