{
  "Enhanced Entity Search" : {
    "transaction" : "Enhanced Entity Search",
    "sampleCount" : 4,
    "errorCount" : 0,
    "errorPct" : 0.0,
    "meanResTime" : 923.0,
    "medianResTime" : 923.0,
    "minResTime" : 923.0,
    "maxResTime" : 923.0,
    "pct1ResTime" : 923.0,
    "pct2ResTime" : 923.0,
    "pct3ResTime" : 923.0,
    "throughput" : 4.333694474539545,
    "receivedKBytesPerSec" : 66.05075162513542,
    "sentKBytesPerSec" : 8.53196099674973
  },
  "Basic Entity Search" : {
    "transaction" : "Basic Entity Search",
    "sampleCount" : 4,
    "errorCount" : 0,
    "errorPct" : 0.0,
    "meanResTime" : 528.0,
    "medianResTime" : 528.0,
    "minResTime" : 528.0,
    "maxResTime" : 528.0,
    "pct1ResTime" : 528.0,
    "pct2ResTime" : 528.0,
    "pct3ResTime" : 528.0,
    "throughput" : 7.575757575757576,
    "receivedKBytesPerSec" : 22.705078125,
    "sentKBytesPerSec" : 14.322916666666666
  },
  "Radial Map" : {
    "transaction" : "Radial Map",
    "sampleCount" : 4,
    "errorCount" : 4,
    "errorPct" : 100.0,
    "meanResTime" : 180030.0,
    "medianResTime" : 180030.0,
    "minResTime" : 180030.0,
    "maxResTime" : 180030.0,
    "pct1ResTime" : 180030.0,
    "pct2ResTime" : 180030.0,
    "pct3ResTime" : 180030.0,
    "throughput" : 0.022218519135699607,
    "receivedKBytesPerSec" : 0.06908570793756597,
    "sentKBytesPerSec" : 0.0
  },
  "EPR" : {
    "transaction" : "EPR",
    "sampleCount" : 4,
    "errorCount" : 4,
    "errorPct" : 100.0,
    "meanResTime" : 180136.0,
    "medianResTime" : 180136.0,
    "minResTime" : 180136.0,
    "maxResTime" : 180136.0,
    "pct1ResTime" : 180136.0,
    "pct2ResTime" : 180136.0,
    "pct3ResTime" : 180136.0,
    "throughput" : 0.02220544477505884,
    "receivedKBytesPerSec" : 0.06904505484744859,
    "sentKBytesPerSec" : 0.0
  },
  "Total" : {
    "transaction" : "Total",
    "sampleCount" : 12,
    "errorCount" : 4,
    "errorPct" : 33.333332,
    "meanResTime" : 76348.5,
    "medianResTime" : 48280.0,
    "minResTime" : 528.0,
    "maxResTime" : 180136.0,
    "pct1ResTime" : 180136.0,
    "pct2ResTime" : 180136.0,
    "pct3ResTime" : 180136.0,
    "throughput" : 0.026192009254509936,
    "receivedKBytesPerSec" : 102.37429881808559,
    "sentKBytesPerSec" : 0.02706592883412819
  },
  "Token" : {
    "transaction" : "Token",
    "sampleCount" : 4,
    "errorCount" : 0,
    "errorPct" : 0.0,
    "meanResTime" : 837.0,
    "medianResTime" : 837.0,
    "minResTime" : 837.0,
    "maxResTime" : 837.0,
    "pct1ResTime" : 837.0,
    "pct2ResTime" : 837.0,
    "pct3ResTime" : 837.0,
    "throughput" : 2.797202797202797,
    "receivedKBytesPerSec" : 6.203562062937063,
    "sentKBytesPerSec" : 0.7266171328671329
  },
  "Interconnection Map" : {
    "transaction" : "Interconnection Map",
    "sampleCount" : 4,
    "errorCount" : 0,
    "errorPct" : 0.0,
    "meanResTime" : 95637.0,
    "medianResTime" : 95637.0,
    "minResTime" : 95637.0,
    "maxResTime" : 95637.0,
    "pct1ResTime" : 95637.0,
    "pct2ResTime" : 95637.0,
    "pct3ResTime" : 95637.0,
    "throughput" : 0.041824816755021595,
    "receivedKBytesPerSec" : 979.7452296835953,
    "sentKBytesPerSec" : 0.08703973096186622
  }
}