{
  "Enhanced Entity Search" : {
    "transaction" : "Enhanced Entity Search",
    "sampleCount" : 4,
    "errorCount" : 0,
    "errorPct" : 0.0,
    "meanResTime" : 2059.0,
    "medianResTime" : 2059.0,
    "minResTime" : 2059.0,
    "maxResTime" : 2059.0,
    "pct1ResTime" : 2059.0,
    "pct2ResTime" : 2059.0,
    "pct3ResTime" : 2059.0,
    "throughput" : 1.941747572815534,
    "receivedKBytesPerSec" : 11.163152305825243,
    "sentKBytesPerSec" : 4.143279733009709
  },
  "Radial Map" : {
    "transaction" : "Radial Map",
    "sampleCount" : 4,
    "errorCount" : 4,
    "errorPct" : 100.0,
    "meanResTime" : 180029.0,
    "medianResTime" : 180029.0,
    "minResTime" : 180029.0,
    "maxResTime" : 180029.0,
    "pct1ResTime" : 180029.0,
    "pct2ResTime" : 180029.0,
    "pct3ResTime" : 180029.0,
    "throughput" : 0.02221864255203328,
    "receivedKBytesPerSec" : 0.06908609168522849,
    "sentKBytesPerSec" : 0.0
  },
  "EPR" : {
    "transaction" : "EPR",
    "sampleCount" : 4,
    "errorCount" : 0,
    "errorPct" : 0.0,
    "meanResTime" : 114953.0,
    "medianResTime" : 114953.0,
    "minResTime" : 114953.0,
    "maxResTime" : 114953.0,
    "pct1ResTime" : 114953.0,
    "pct2ResTime" : 114953.0,
    "pct3ResTime" : 114953.0,
    "throughput" : 0.03479652730657481,
    "receivedKBytesPerSec" : 2.4351792347373733,
    "sentKBytesPerSec" : 0.06993286445012788
  },
  "Total" : {
    "transaction" : "Total",
    "sampleCount" : 14,
    "errorCount" : 4,
    "errorPct" : 28.571428,
    "meanResTime" : 73130.00000000001,
    "medianResTime" : 22193.0,
    "minResTime" : 2059.0,
    "maxResTime" : 180126.0,
    "pct1ResTime" : 180126.0,
    "pct2ResTime" : 180126.0,
    "pct3ResTime" : 180126.0,
    "throughput" : 0.02734385681194067,
    "receivedKBytesPerSec" : 0.3391927617393037,
    "sentKBytesPerSec" : 0.03438963018410228
  },
  "LBO Map" : {
    "transaction" : "LBO Map",
    "sampleCount" : 4,
    "errorCount" : 0,
    "errorPct" : 0.0,
    "meanResTime" : 22193.0,
    "medianResTime" : 22193.0,
    "minResTime" : 22193.0,
    "maxResTime" : 22193.0,
    "pct1ResTime" : 22193.0,
    "pct2ResTime" : 22193.0,
    "pct3ResTime" : 22193.0,
    "throughput" : 0.18022889069117778,
    "receivedKBytesPerSec" : 0.24007051455348294,
    "sentKBytesPerSec" : 0.3965387604758043
  },
  "Token" : {
    "transaction" : "Token",
    "sampleCount" : 4,
    "errorCount" : 0,
    "errorPct" : 0.0,
    "meanResTime" : 2155.0,
    "medianResTime" : 2155.0,
    "minResTime" : 2155.0,
    "maxResTime" : 2155.0,
    "pct1ResTime" : 2155.0,
    "pct2ResTime" : 2155.0,
    "pct3ResTime" : 2155.0,
    "throughput" : 1.4614541468761417,
    "receivedKBytesPerSec" : 3.2411741870661306,
    "sentKBytesPerSec" : 0.3796355498721227
  },
  "Interconnection Map" : {
    "transaction" : "Interconnection Map",
    "sampleCount" : 4,
    "errorCount" : 4,
    "errorPct" : 100.0,
    "meanResTime" : 180126.0,
    "medianResTime" : 180126.0,
    "minResTime" : 180126.0,
    "maxResTime" : 180126.0,
    "pct1ResTime" : 180126.0,
    "pct2ResTime" : 180126.0,
    "pct3ResTime" : 180126.0,
    "throughput" : 0.022206554264491165,
    "receivedKBytesPerSec" : 0.06904850466615221,
    "sentKBytesPerSec" : 0.0
  },
  "Investee Companies Map" : {
    "transaction" : "Investee Companies Map",
    "sampleCount" : 4,
    "errorCount" : 0,
    "errorPct" : 0.0,
    "meanResTime" : 10395.0,
    "medianResTime" : 10395.0,
    "minResTime" : 10395.0,
    "maxResTime" : 10395.0,
    "pct1ResTime" : 10395.0,
    "pct2ResTime" : 10395.0,
    "pct3ResTime" : 10395.0,
    "throughput" : 0.3847263633740502,
    "receivedKBytesPerSec" : 0.5124675387130903,
    "sentKBytesPerSec" : 0.8464731412907569
  }
}