{
  "Enhanced Entity Search" : {
    "transaction" : "Enhanced Entity Search",
    "sampleCount" : 12,
    "errorCount" : 0,
    "errorPct" : 0.0,
    "meanResTime" : 800.3333333333331,
    "medianResTime" : 1034.0,
    "minResTime" : 316.0,
    "maxResTime" : 1051.0,
    "pct1ResTime" : 1051.0,
    "pct2ResTime" : 1051.0,
    "pct3ResTime" : 1051.0,
    "throughput" : 0.039652642848645864,
    "receivedKBytesPerSec" : 0.4057812933700781,
    "sentKBytesPerSec" : 0.0817835758753321
  },
  "Radial Map" : {
    "transaction" : "Radial Map",
    "sampleCount" : 12,
    "errorCount" : 12,
    "errorPct" : 100.0,
    "meanResTime" : 29849.000000000004,
    "medianResTime" : 29873.0,
    "minResTime" : 29577.0,
    "maxResTime" : 30097.0,
    "pct1ResTime" : 30097.0,
    "pct2ResTime" : 30097.0,
    "pct3ResTime" : 30097.0,
    "throughput" : 0.036319942372358104,
    "receivedKBytesPerSec" : 0.023941368263029023,
    "sentKBytesPerSec" : 0.0779247201094441
  },
  "EPR" : {
    "transaction" : "EPR",
    "sampleCount" : 12,
    "errorCount" : 12,
    "errorPct" : 100.0,
    "meanResTime" : 29908.666666666668,
    "medianResTime" : 29906.0,
    "minResTime" : 29814.0,
    "maxResTime" : 30006.0,
    "pct1ResTime" : 30006.0,
    "pct2ResTime" : 30006.0,
    "pct3ResTime" : 30006.0,
    "throughput" : 0.0363708003091518,
    "receivedKBytesPerSec" : 0.02397489278191159,
    "sentKBytesPerSec" : 0.07114327443284284
  },
  "Total" : {
    "transaction" : "Total",
    "sampleCount" : 38,
    "errorCount" : 30,
    "errorPct" : 78.947365,
    "meanResTime" : 23765.05263157895,
    "medianResTime" : 29814.0,
    "minResTime" : 316.0,
    "maxResTime" : 30097.0,
    "pct1ResTime" : 30046.0,
    "pct2ResTime" : 30097.0,
    "pct3ResTime" : 30097.0,
    "throughput" : 0.08398458219880477,
    "receivedKBytesPerSec" : 0.18921135852797127,
    "sentKBytesPerSec" : 0.16887134252669825
  },
  "LBO Map" : {
    "transaction" : "LBO Map",
    "sampleCount" : 12,
    "errorCount" : 12,
    "errorPct" : 100.0,
    "meanResTime" : 29915.0,
    "medianResTime" : 29964.0,
    "minResTime" : 29735.0,
    "maxResTime" : 30046.0,
    "pct1ResTime" : 30046.0,
    "pct2ResTime" : 30046.0,
    "pct3ResTime" : 30046.0,
    "throughput" : 0.03635779708107486,
    "receivedKBytesPerSec" : 0.023966321318091337,
    "sentKBytesPerSec" : 0.07800593768273581
  },
  "Token" : {
    "transaction" : "Token",
    "sampleCount" : 4,
    "errorCount" : 0,
    "errorPct" : 0.0,
    "meanResTime" : 742.0,
    "medianResTime" : 742.0,
    "minResTime" : 742.0,
    "maxResTime" : 742.0,
    "pct1ResTime" : 742.0,
    "pct2ResTime" : 742.0,
    "pct3ResTime" : 742.0,
    "throughput" : 1.026694045174538,
    "receivedKBytesPerSec" : 2.2769747818275157,
    "sentKBytesPerSec" : 0.2596814040041068
  },
  "Interconnection Map" : {
    "transaction" : "Interconnection Map",
    "sampleCount" : 12,
    "errorCount" : 12,
    "errorPct" : 100.0,
    "meanResTime" : 29942.0,
    "medianResTime" : 30003.0,
    "minResTime" : 29780.0,
    "maxResTime" : 30043.0,
    "pct1ResTime" : 30043.0,
    "pct2ResTime" : 30043.0,
    "pct3ResTime" : 30043.0,
    "throughput" : 0.036327089110349584,
    "receivedKBytesPerSec" : 0.023946079247544896,
    "sentKBytesPerSec" : 0.07974931281256432
  },
  "Investee Companies Map" : {
    "transaction" : "Investee Companies Map",
    "sampleCount" : 12,
    "errorCount" : 12,
    "errorPct" : 100.0,
    "meanResTime" : 29849.666666666664,
    "medianResTime" : 29774.0,
    "minResTime" : 29734.0,
    "maxResTime" : 30041.0,
    "pct1ResTime" : 30041.0,
    "pct2ResTime" : 30041.0,
    "pct3ResTime" : 30041.0,
    "throughput" : 0.03638436442579409,
    "receivedKBytesPerSec" : 0.023983833972081064,
    "sentKBytesPerSec" : 0.07806293812838828
  }
}