{
  "Enhanced Entity Search" : {
    "transaction" : "Enhanced Entity Search",
    "sampleCount" : 4,
    "errorCount" : 0,
    "errorPct" : 0.0,
    "meanResTime" : 596.0,
    "medianResTime" : 596.0,
    "minResTime" : 596.0,
    "maxResTime" : 596.0,
    "pct1ResTime" : 596.0,
    "pct2ResTime" : 596.0,
    "pct3ResTime" : 596.0,
    "throughput" : 6.7114093959731544,
    "receivedKBytesPerSec" : 28.307204278523493,
    "sentKBytesPerSec" : 14.196203859060404
  },
  "Basic Entity Search" : {
    "transaction" : "Basic Entity Search",
    "sampleCount" : 4,
    "errorCount" : 0,
    "errorPct" : 0.0,
    "meanResTime" : 146.0,
    "medianResTime" : 146.0,
    "minResTime" : 146.0,
    "maxResTime" : 146.0,
    "pct1ResTime" : 146.0,
    "pct2ResTime" : 146.0,
    "pct3ResTime" : 146.0,
    "throughput" : 27.397260273972602,
    "receivedKBytesPerSec" : 18.407534246575345,
    "sentKBytesPerSec" : 51.10231164383562
  },
  "Radial Map" : {
    "transaction" : "Radial Map",
    "sampleCount" : 4,
    "errorCount" : 0,
    "errorPct" : 0.0,
    "meanResTime" : 15106.0,
    "medianResTime" : 15106.0,
    "minResTime" : 15106.0,
    "maxResTime" : 15106.0,
    "pct1ResTime" : 15106.0,
    "pct2ResTime" : 15106.0,
    "pct3ResTime" : 15106.0,
    "throughput" : 0.26479544551833706,
    "receivedKBytesPerSec" : 96.26762544684232,
    "sentKBytesPerSec" : 0.5826016980007944
  },
  "EPR" : {
    "transaction" : "EPR",
    "sampleCount" : 4,
    "errorCount" : 0,
    "errorPct" : 0.0,
    "meanResTime" : 3126.0,
    "medianResTime" : 3126.0,
    "minResTime" : 3126.0,
    "maxResTime" : 3126.0,
    "pct1ResTime" : 3126.0,
    "pct2ResTime" : 3126.0,
    "pct3ResTime" : 3126.0,
    "throughput" : 1.2791813239526704,
    "receivedKBytesPerSec" : 89.51021346338344,
    "sentKBytesPerSec" : 2.4259473936680527
  },
  "Total" : {
    "transaction" : "Total",
    "sampleCount" : 11,
    "errorCount" : 0,
    "errorPct" : 0.0,
    "meanResTime" : 4230.090909090909,
    "medianResTime" : 3126.0,
    "minResTime" : 146.0,
    "maxResTime" : 15106.0,
    "pct1ResTime" : 15106.0,
    "pct2ResTime" : 15106.0,
    "pct3ResTime" : 15106.0,
    "throughput" : 0.4675081813931744,
    "receivedKBytesPerSec" : 38.18173019199711,
    "sentKBytesPerSec" : 0.8886971928258744
  },
  "Login" : {
    "transaction" : "Login",
    "sampleCount" : 2,
    "errorCount" : 0,
    "errorPct" : 0.0,
    "meanResTime" : 676.5,
    "medianResTime" : 676.5,
    "minResTime" : 387.0,
    "maxResTime" : 966.0,
    "pct1ResTime" : 966.0,
    "pct2ResTime" : 966.0,
    "pct3ResTime" : 966.0,
    "throughput" : 2.070393374741201,
    "receivedKBytesPerSec" : 4.591663431677019,
    "sentKBytesPerSec" : 0.5378170289855073
  },
  "Interconnection Map" : {
    "transaction" : "Interconnection Map",
    "sampleCount" : 4,
    "errorCount" : 0,
    "errorPct" : 0.0,
    "meanResTime" : 4098.0,
    "medianResTime" : 4098.0,
    "minResTime" : 4098.0,
    "maxResTime" : 4098.0,
    "pct1ResTime" : 4098.0,
    "pct2ResTime" : 4098.0,
    "pct3ResTime" : 4098.0,
    "throughput" : 0.9760858955588092,
    "receivedKBytesPerSec" : 9.430095473401659,
    "sentKBytesPerSec" : 2.1942868472425574
  }
}