{
  "EPR" : {
    "transaction" : "EPR",
    "sampleCount" : 6,
    "errorCount" : 0,
    "errorPct" : 0.0,
    "meanResTime" : 115751.66666666667,
    "medianResTime" : 110757.0,
    "minResTime" : 101470.0,
    "maxResTime" : 135028.0,
    "pct1ResTime" : 135028.0,
    "pct2ResTime" : 135028.0,
    "pct3ResTime" : 135028.0,
    "throughput" : 0.012160420264124328,
    "receivedKBytesPerSec" : 0.041979575814140135,
    "sentKBytesPerSec" : 0.02329955523262884
  },
  "Total" : {
    "transaction" : "Total",
    "sampleCount" : 7,
    "errorCount" : 0,
    "errorPct" : 0.0,
    "meanResTime" : 85016.57142857143,
    "medianResTime" : 100962.0,
    "minResTime" : 794.0,
    "maxResTime" : 135028.0,
    "pct1ResTime" : 135028.0,
    "pct2ResTime" : 135028.0,
    "pct3ResTime" : 135028.0,
    "throughput" : 0.011724841421519774,
    "receivedKBytesPerSec" : 68.22787455686381,
    "sentKBytesPerSec" : 0.02071475889538594
  },
  "Token" : {
    "transaction" : "Token",
    "sampleCount" : 2,
    "errorCount" : 0,
    "errorPct" : 0.0,
    "meanResTime" : 794.0,
    "medianResTime" : 794.0,
    "minResTime" : 794.0,
    "maxResTime" : 794.0,
    "pct1ResTime" : 794.0,
    "pct2ResTime" : 794.0,
    "pct3ResTime" : 794.0,
    "throughput" : 0.4835589941972921,
    "receivedKBytesPerSec" : 1.072424292794971,
    "sentKBytesPerSec" : 0.1223064252901354
  },
  "Interconnection Map" : {
    "transaction" : "Interconnection Map",
    "sampleCount" : 6,
    "errorCount" : 0,
    "errorPct" : 0.0,
    "meanResTime" : 82355.66666666667,
    "medianResTime" : 88504.0,
    "minResTime" : 57601.0,
    "maxResTime" : 100962.0,
    "pct1ResTime" : 100962.0,
    "pct2ResTime" : 100962.0,
    "pct3ResTime" : 100962.0,
    "throughput" : 0.012364964285861488,
    "receivedKBytesPerSec" : 167.83805248850058,
    "sentKBytesPerSec" : 0.026239323626149426
  }
}