{
  "Enhanced Entity Search" : {
    "transaction" : "Enhanced Entity Search",
    "sampleCount" : 12,
    "errorCount" : 0,
    "errorPct" : 0.0,
    "meanResTime" : 18623.666666666664,
    "medianResTime" : 17840.0,
    "minResTime" : 16601.0,
    "maxResTime" : 21495.0,
    "pct1ResTime" : 21495.0,
    "pct2ResTime" : 21495.0,
    "pct3ResTime" : 21495.0,
    "throughput" : 0.20484107746406746,
    "receivedKBytesPerSec" : 1.4079823473933972,
    "sentKBytesPerSec" : 0.4615925646956403
  },
  "Radial Map" : {
    "transaction" : "Radial Map",
    "sampleCount" : 12,
    "errorCount" : 0,
    "errorPct" : 0.0,
    "meanResTime" : 46772.5,
    "medianResTime" : 43272.0,
    "minResTime" : 40900.0,
    "maxResTime" : 56789.0,
    "pct1ResTime" : 56789.0,
    "pct2ResTime" : 56789.0,
    "pct3ResTime" : 56789.0,
    "throughput" : 0.08393134416047673,
    "receivedKBytesPerSec" : 34.557296584518866,
    "sentKBytesPerSec" : 0.19470596489571532
  },
  "EPR" : {
    "transaction" : "EPR",
    "sampleCount" : 12,
    "errorCount" : 4,
    "errorPct" : 33.333332,
    "meanResTime" : 55862.5,
    "medianResTime" : 69809.5,
    "minResTime" : 5284.0,
    "maxResTime" : 93005.0,
    "pct1ResTime" : 93005.0,
    "pct2ResTime" : 93005.0,
    "pct3ResTime" : 93005.0,
    "throughput" : 0.07038659839166622,
    "receivedKBytesPerSec" : 3.715699822420478,
    "sentKBytesPerSec" : 0.1498808376885041
  },
  "Total" : {
    "transaction" : "Total",
    "sampleCount" : 48,
    "errorCount" : 8,
    "errorPct" : 16.666666,
    "meanResTime" : 15380.041666666668,
    "medianResTime" : 1326.0,
    "minResTime" : 62.0,
    "maxResTime" : 91678.0,
    "pct1ResTime" : 56857.90000000002,
    "pct2ResTime" : 81751.44999999994,
    "pct3ResTime" : 91678.0,
    "throughput" : 0.28278210460581354,
    "receivedKBytesPerSec" : 16.880950206784416,
    "sentKBytesPerSec" : 0.33856529320969475
  },
  "Token" : {
    "transaction" : "Token",
    "sampleCount" : 24,
    "errorCount" : 0,
    "errorPct" : 0.0,
    "meanResTime" : 567.1666666666667,
    "medianResTime" : 292.5,
    "minResTime" : 62.0,
    "maxResTime" : 1349.0,
    "pct1ResTime" : 1338.0,
    "pct2ResTime" : 1349.0,
    "pct3ResTime" : 1349.0,
    "throughput" : 0.1459410155062329,
    "receivedKBytesPerSec" : 0.32366410763149894,
    "sentKBytesPerSec" : 0.036912815445424144
  },
  "Interconnection Map" : {
    "transaction" : "Interconnection Map",
    "sampleCount" : 12,
    "errorCount" : 12,
    "errorPct" : 100.0,
    "meanResTime" : 647.3333333333333,
    "medianResTime" : 652.0,
    "minResTime" : 84.0,
    "maxResTime" : 1410.0,
    "pct1ResTime" : 1410.0,
    "pct2ResTime" : 1410.0,
    "pct3ResTime" : 1410.0,
    "throughput" : 2.5712449110777804,
    "receivedKBytesPerSec" : 4.463269364688236,
    "sentKBytesPerSec" : 6.092896266338119
  }
}