{
  "Enhanced Entity Search" : {
    "transaction" : "Enhanced Entity Search",
    "sampleCount" : 12,
    "errorCount" : 0,
    "errorPct" : 0.0,
    "meanResTime" : 618.6666666666667,
    "medianResTime" : 478.0,
    "minResTime" : 423.0,
    "maxResTime" : 955.0,
    "pct1ResTime" : 955.0,
    "pct2ResTime" : 955.0,
    "pct3ResTime" : 955.0,
    "throughput" : 0.25928566798470215,
    "receivedKBytesPerSec" : 3.951827558825436,
    "sentKBytesPerSec" : 0.5104686588448824
  },
  "Basic Entity Search" : {
    "transaction" : "Basic Entity Search",
    "sampleCount" : 12,
    "errorCount" : 0,
    "errorPct" : 0.0,
    "meanResTime" : 405.33333333333337,
    "medianResTime" : 404.0,
    "minResTime" : 370.0,
    "maxResTime" : 442.0,
    "pct1ResTime" : 442.0,
    "pct2ResTime" : 442.0,
    "pct3ResTime" : 442.0,
    "throughput" : 0.2545824847250509,
    "receivedKBytesPerSec" : 0.7630016070519348,
    "sentKBytesPerSec" : 0.48132001018329934
  },
  "Radial Map" : {
    "transaction" : "Radial Map",
    "sampleCount" : 12,
    "errorCount" : 0,
    "errorPct" : 0.0,
    "meanResTime" : 8568.333333333334,
    "medianResTime" : 6782.0,
    "minResTime" : 6752.0,
    "maxResTime" : 12171.0,
    "pct1ResTime" : 12171.0,
    "pct2ResTime" : 12171.0,
    "pct3ResTime" : 12171.0,
    "throughput" : 0.2305564094681832,
    "receivedKBytesPerSec" : 360.5834698259299,
    "sentKBytesPerSec" : 0.46831770673224715
  },
  "EPR" : {
    "transaction" : "EPR",
    "sampleCount" : 12,
    "errorCount" : 0,
    "errorPct" : 0.0,
    "meanResTime" : 11076.000000000002,
    "medianResTime" : 8597.0,
    "minResTime" : 8223.0,
    "maxResTime" : 16408.0,
    "pct1ResTime" : 16408.0,
    "pct2ResTime" : 16408.0,
    "pct3ResTime" : 16408.0,
    "throughput" : 0.24760647078243647,
    "receivedKBytesPerSec" : 0.5696883253549027,
    "sentKBytesPerSec" : 0.4761104892291185
  },
  "Total" : {
    "transaction" : "Total",
    "sampleCount" : 26,
    "errorCount" : 0,
    "errorPct" : 0.0,
    "meanResTime" : 4811.0,
    "medianResTime" : 955.0,
    "minResTime" : 370.0,
    "maxResTime" : 16408.0,
    "pct1ResTime" : 13442.100000000002,
    "pct2ResTime" : 16408.0,
    "pct3ResTime" : 16408.0,
    "throughput" : 0.4092039409487236,
    "receivedKBytesPerSec" : 149.69772640978627,
    "sentKBytesPerSec" : 0.7460164094714974
  },
  "Token" : {
    "transaction" : "Token",
    "sampleCount" : 4,
    "errorCount" : 0,
    "errorPct" : 0.0,
    "meanResTime" : 538.0,
    "medianResTime" : 538.0,
    "minResTime" : 538.0,
    "maxResTime" : 538.0,
    "pct1ResTime" : 538.0,
    "pct2ResTime" : 538.0,
    "pct3ResTime" : 538.0,
    "throughput" : 1.0878433505575196,
    "receivedKBytesPerSec" : 2.412590087027468,
    "sentKBytesPerSec" : 0.2825843078596682
  }
}