{
  "Enhanced Entity Search" : {
    "transaction" : "Enhanced Entity Search",
    "sampleCount" : 120,
    "errorCount" : 88,
    "errorPct" : 73.333336,
    "meanResTime" : 843.5833333333331,
    "medianResTime" : 190.5,
    "minResTime" : 16.0,
    "maxResTime" : 6748.0,
    "pct1ResTime" : 2348.6000000000004,
    "pct2ResTime" : 3161.699999999998,
    "pct3ResTime" : 6748.0,
    "throughput" : 0.8036324185317636,
    "receivedKBytesPerSec" : 1.8530371864159334,
    "sentKBytesPerSec" : 0.8033708194371895
  },
  "Radial Map" : {
    "transaction" : "Radial Map",
    "sampleCount" : 120,
    "errorCount" : 108,
    "errorPct" : 90.0,
    "meanResTime" : 12917.083333333338,
    "medianResTime" : 80.5,
    "minResTime" : 16.0,
    "maxResTime" : 138349.0,
    "pct1ResTime" : 103480.20000000062,
    "pct2ResTime" : 123099.15,
    "pct3ResTime" : 138349.0,
    "throughput" : 0.8153946510110893,
    "receivedKBytesPerSec" : 84.71791167237443,
    "sentKBytesPerSec" : 0.660517444349315
  },
  "EPR" : {
    "transaction" : "EPR",
    "sampleCount" : 120,
    "errorCount" : 120,
    "errorPct" : 100.0,
    "meanResTime" : 152.43333333333328,
    "medianResTime" : 58.5,
    "minResTime" : 16.0,
    "maxResTime" : 1686.0,
    "pct1ResTime" : 446.7000000000015,
    "pct2ResTime" : 832.0999999999987,
    "pct3ResTime" : 1686.0,
    "throughput" : 0.8418335133921682,
    "receivedKBytesPerSec" : 0.7846973520828364,
    "sentKBytesPerSec" : 0.38474422291751437
  },
  "Total" : {
    "transaction" : "Total",
    "sampleCount" : 720,
    "errorCount" : 338,
    "errorPct" : 46.944443,
    "meanResTime" : 1272.7833333333342,
    "medianResTime" : 57.0,
    "minResTime" : 15.0,
    "maxResTime" : 137622.0,
    "pct1ResTime" : 762.0999999999991,
    "pct2ResTime" : 1246.249999999999,
    "pct3ResTime" : 5501.0,
    "throughput" : 4.743676744783603,
    "receivedKBytesPerSec" : 44.28843253190452,
    "sentKBytesPerSec" : 1.990493807690027
  },
  "LBO Map" : {
    "transaction" : "LBO Map",
    "sampleCount" : 120,
    "errorCount" : 120,
    "errorPct" : 100.0,
    "meanResTime" : 125.3166666666667,
    "medianResTime" : 77.0,
    "minResTime" : 15.0,
    "maxResTime" : 1178.0,
    "pct1ResTime" : 314.6000000000002,
    "pct2ResTime" : 446.84999999999974,
    "pct3ResTime" : 1178.0,
    "throughput" : 0.8378835062631793,
    "receivedKBytesPerSec" : 0.7810154362580123,
    "sentKBytesPerSec" : 0.54167859486936
  },
  "Token" : {
    "transaction" : "Token",
    "sampleCount" : 360,
    "errorCount" : 0,
    "errorPct" : 0.0,
    "meanResTime" : 329.03888888888906,
    "medianResTime" : 164.5,
    "minResTime" : 53.0,
    "maxResTime" : 2964.0,
    "pct1ResTime" : 994.9000000000035,
    "pct2ResTime" : 1335.5499999999993,
    "pct3ResTime" : 2818.0,
    "throughput" : 2.372213472854629,
    "receivedKBytesPerSec" : 1.6631749276804364,
    "sentKBytesPerSec" : 0.6162195154095034
  },
  "Interconnection Map" : {
    "transaction" : "Interconnection Map",
    "sampleCount" : 120,
    "errorCount" : 120,
    "errorPct" : 100.0,
    "meanResTime" : 121.19999999999996,
    "medianResTime" : 65.0,
    "minResTime" : 16.0,
    "maxResTime" : 1060.0,
    "pct1ResTime" : 302.80000000000047,
    "pct2ResTime" : 429.3499999999987,
    "pct3ResTime" : 1060.0,
    "throughput" : 0.836534238649276,
    "receivedKBytesPerSec" : 0.7797577449128261,
    "sentKBytesPerSec" : 0.5824696407782556
  },
  "Investee Companies Map" : {
    "transaction" : "Investee Companies Map",
    "sampleCount" : 120,
    "errorCount" : 120,
    "errorPct" : 100.0,
    "meanResTime" : 126.66666666666671,
    "medianResTime" : 61.0,
    "minResTime" : 16.0,
    "maxResTime" : 1250.0,
    "pct1ResTime" : 272.00000000000034,
    "pct2ResTime" : 567.3499999999974,
    "pct3ResTime" : 1250.0,
    "throughput" : 0.8387619873067352,
    "receivedKBytesPerSec" : 0.7818342938323034,
    "sentKBytesPerSec" : 0.5422465191377527
  }
}