{
  "Radial Map" : {
    "transaction" : "Radial Map",
    "sampleCount" : 4,
    "errorCount" : 4,
    "errorPct" : 100.0,
    "meanResTime" : 180020.0,
    "medianResTime" : 180020.0,
    "minResTime" : 180020.0,
    "maxResTime" : 180020.0,
    "pct1ResTime" : 180020.0,
    "pct2ResTime" : 180020.0,
    "pct3ResTime" : 180020.0,
    "throughput" : 0.02221962993206348,
    "receivedKBytesPerSec" : 0.06908916182000989,
    "sentKBytesPerSec" : 0.0
  },
  "EPR" : {
    "transaction" : "EPR",
    "sampleCount" : 4,
    "errorCount" : 0,
    "errorPct" : 0.0,
    "meanResTime" : 45298.0,
    "medianResTime" : 45298.0,
    "minResTime" : 45298.0,
    "maxResTime" : 45298.0,
    "pct1ResTime" : 45298.0,
    "pct2ResTime" : 45298.0,
    "pct3ResTime" : 45298.0,
    "throughput" : 0.08830411938716941,
    "receivedKBytesPerSec" : 0.9614283467261248,
    "sentKBytesPerSec" : 0.16979571393880524
  },
  "Token" : {
    "transaction" : "Token",
    "sampleCount" : 4,
    "errorCount" : 0,
    "errorPct" : 0.0,
    "meanResTime" : 1303.0,
    "medianResTime" : 1303.0,
    "minResTime" : 1303.0,
    "maxResTime" : 1303.0,
    "pct1ResTime" : 1303.0,
    "pct2ResTime" : 1303.0,
    "pct3ResTime" : 1303.0,
    "throughput" : 2.109704641350211,
    "receivedKBytesPerSec" : 4.678846914556963,
    "sentKBytesPerSec" : 0.5480287447257384
  },
  "FPR - 5 Year" : {
    "transaction" : "FPR - 5 Year",
    "sampleCount" : 4,
    "errorCount" : 0,
    "errorPct" : 0.0,
    "meanResTime" : 17766.0,
    "medianResTime" : 17766.0,
    "minResTime" : 17766.0,
    "maxResTime" : 17766.0,
    "pct1ResTime" : 17766.0,
    "pct2ResTime" : 17766.0,
    "pct3ResTime" : 17766.0,
    "throughput" : 0.22514916131937407,
    "receivedKBytesPerSec" : 3.7466227625802095,
    "sentKBytesPerSec" : 0.44963870595519534
  },
  "Interconnection Map" : {
    "transaction" : "Interconnection Map",
    "sampleCount" : 4,
    "errorCount" : 0,
    "errorPct" : 0.0,
    "meanResTime" : 94699.0,
    "medianResTime" : 94699.0,
    "minResTime" : 94699.0,
    "maxResTime" : 94699.0,
    "pct1ResTime" : 94699.0,
    "pct2ResTime" : 94699.0,
    "pct3ResTime" : 94699.0,
    "throughput" : 0.04223909439381619,
    "receivedKBytesPerSec" : 0.4171523062545539,
    "sentKBytesPerSec" : 0.08790186538400617
  },
  "Enhanced Entity Search" : {
    "transaction" : "Enhanced Entity Search",
    "sampleCount" : 4,
    "errorCount" : 0,
    "errorPct" : 0.0,
    "meanResTime" : 438.0,
    "medianResTime" : 438.0,
    "minResTime" : 438.0,
    "maxResTime" : 438.0,
    "pct1ResTime" : 438.0,
    "pct2ResTime" : 438.0,
    "pct3ResTime" : 438.0,
    "throughput" : 9.111617312072893,
    "receivedKBytesPerSec" : 17.235549544419133,
    "sentKBytesPerSec" : 17.813923690205012
  },
  "RED List Report" : {
    "transaction" : "RED List Report",
    "sampleCount" : 4,
    "errorCount" : 0,
    "errorPct" : 0.0,
    "meanResTime" : 6923.0,
    "medianResTime" : 6923.0,
    "minResTime" : 6923.0,
    "maxResTime" : 6923.0,
    "pct1ResTime" : 6923.0,
    "pct2ResTime" : 6923.0,
    "pct3ResTime" : 6923.0,
    "throughput" : 0.5777841976021956,
    "receivedKBytesPerSec" : 8.92292900476672,
    "sentKBytesPerSec" : 1.1425908204535606
  },
  "FPR - 1 Year" : {
    "transaction" : "FPR - 1 Year",
    "sampleCount" : 4,
    "errorCount" : 0,
    "errorPct" : 0.0,
    "meanResTime" : 2688.0,
    "medianResTime" : 2688.0,
    "minResTime" : 2688.0,
    "maxResTime" : 2688.0,
    "pct1ResTime" : 2688.0,
    "pct2ResTime" : 2688.0,
    "pct3ResTime" : 2688.0,
    "throughput" : 1.488095238095238,
    "receivedKBytesPerSec" : 2.835228329613095,
    "sentKBytesPerSec" : 2.987816220238095
  },
  "Basic Entity Search" : {
    "transaction" : "Basic Entity Search",
    "sampleCount" : 4,
    "errorCount" : 0,
    "errorPct" : 0.0,
    "meanResTime" : 809.0,
    "medianResTime" : 809.0,
    "minResTime" : 809.0,
    "maxResTime" : 809.0,
    "pct1ResTime" : 809.0,
    "pct2ResTime" : 809.0,
    "pct3ResTime" : 809.0,
    "throughput" : 4.938271604938271,
    "receivedKBytesPerSec" : 3.472222222222222,
    "sentKBytesPerSec" : 9.264081790123456
  },
  "RPR" : {
    "transaction" : "RPR",
    "sampleCount" : 4,
    "errorCount" : 0,
    "errorPct" : 0.0,
    "meanResTime" : 70376.0,
    "medianResTime" : 70376.0,
    "minResTime" : 70376.0,
    "maxResTime" : 70376.0,
    "pct1ResTime" : 70376.0,
    "pct2ResTime" : 70376.0,
    "pct3ResTime" : 70376.0,
    "throughput" : 0.05683755825849721,
    "receivedKBytesPerSec" : 0.1837229666363533,
    "sentKBytesPerSec" : 0.1127870296692054
  },
  "Total" : {
    "transaction" : "Total",
    "sampleCount" : 24,
    "errorCount" : 4,
    "errorPct" : 16.666666,
    "meanResTime" : 63202.41666666667,
    "medianResTime" : 31532.0,
    "minResTime" : 438.0,
    "maxResTime" : 180102.0,
    "pct1ResTime" : 180061.0,
    "pct2ResTime" : 180102.0,
    "pct3ResTime" : 180102.0,
    "throughput" : 0.03164177294127419,
    "receivedKBytesPerSec" : 1.9318605337769335,
    "sentKBytesPerSec" : 0.04770728574894099
  },
  "LBO Map" : {
    "transaction" : "LBO Map",
    "sampleCount" : 4,
    "errorCount" : 4,
    "errorPct" : 100.0,
    "meanResTime" : 180102.0,
    "medianResTime" : 180102.0,
    "minResTime" : 180102.0,
    "maxResTime" : 180102.0,
    "pct1ResTime" : 180102.0,
    "pct2ResTime" : 180102.0,
    "pct3ResTime" : 180102.0,
    "throughput" : 0.022209513445084202,
    "receivedKBytesPerSec" : 0.06905770586830869,
    "sentKBytesPerSec" : 0.0
  },
  "Investee Companies Map" : {
    "transaction" : "Investee Companies Map",
    "sampleCount" : 4,
    "errorCount" : 0,
    "errorPct" : 0.0,
    "meanResTime" : 158007.0,
    "medianResTime" : 158007.0,
    "minResTime" : 158007.0,
    "maxResTime" : 158007.0,
    "pct1ResTime" : 158007.0,
    "pct2ResTime" : 158007.0,
    "pct3ResTime" : 158007.0,
    "throughput" : 0.0253151739152448,
    "receivedKBytesPerSec" : 16.79998006430054,
    "sentKBytesPerSec" : 0.051421447015340994
  }
}