{
  "Enhanced Entity Search" : {
    "transaction" : "Enhanced Entity Search",
    "sampleCount" : 120,
    "errorCount" : 0,
    "errorPct" : 0.0,
    "meanResTime" : 827.166666666667,
    "medianResTime" : 386.5,
    "minResTime" : 137.0,
    "maxResTime" : 3943.0,
    "pct1ResTime" : 2901.700000000003,
    "pct2ResTime" : 3454.0,
    "pct3ResTime" : 3943.0,
    "throughput" : 0.514118992840893,
    "receivedKBytesPerSec" : 1.1808670616814263,
    "sentKBytesPerSec" : 1.0081552125239388
  },
  "Radial Map" : {
    "transaction" : "Radial Map",
    "sampleCount" : 120,
    "errorCount" : 0,
    "errorPct" : 0.0,
    "meanResTime" : 30287.666666666657,
    "medianResTime" : 9369.5,
    "minResTime" : 4284.0,
    "maxResTime" : 76721.0,
    "pct1ResTime" : 76080.0,
    "pct2ResTime" : 76478.0,
    "pct3ResTime" : 76721.0,
    "throughput" : 0.50503775157193,
    "receivedKBytesPerSec" : 1064.5944270662358,
    "sentKBytesPerSec" : 1.0258579328804829
  },
  "EPR" : {
    "transaction" : "EPR",
    "sampleCount" : 120,
    "errorCount" : 0,
    "errorPct" : 0.0,
    "meanResTime" : 12705.633333333337,
    "medianResTime" : 10733.0,
    "minResTime" : 4944.0,
    "maxResTime" : 27293.0,
    "pct1ResTime" : 23920.60000000001,
    "pct2ResTime" : 24584.0,
    "pct3ResTime" : 27293.0,
    "throughput" : 0.7586869657579283,
    "receivedKBytesPerSec" : 438.1928451867634,
    "sentKBytesPerSec" : 1.4588424175560164
  },
  "Total" : {
    "transaction" : "Total",
    "sampleCount" : 302,
    "errorCount" : 0,
    "errorPct" : 0.0,
    "meanResTime" : 16287.172185430445,
    "medianResTime" : 9813.0,
    "minResTime" : 137.0,
    "maxResTime" : 76721.0,
    "pct1ResTime" : 43039.99999999992,
    "pct2ResTime" : 74261.0,
    "pct3ResTime" : 76478.0,
    "throughput" : 1.125815470643057,
    "receivedKBytesPerSec" : 1189.3960493359739,
    "sentKBytesPerSec" : 2.2447722506989747
  },
  "LBO Map" : {
    "transaction" : "LBO Map",
    "sampleCount" : 120,
    "errorCount" : 0,
    "errorPct" : 0.0,
    "meanResTime" : 26244.700000000004,
    "medianResTime" : 22914.5,
    "minResTime" : 12629.0,
    "maxResTime" : 48028.0,
    "pct1ResTime" : 47510.00000000001,
    "pct2ResTime" : 47937.0,
    "pct3ResTime" : 48028.0,
    "throughput" : 0.7126440877264872,
    "receivedKBytesPerSec" : 1871.6365147695487,
    "sentKBytesPerSec" : 1.447558303194427
  },
  "Token" : {
    "transaction" : "Token",
    "sampleCount" : 4,
    "errorCount" : 0,
    "errorPct" : 0.0,
    "meanResTime" : 1138.0,
    "medianResTime" : 1138.0,
    "minResTime" : 1138.0,
    "maxResTime" : 1138.0,
    "pct1ResTime" : 1138.0,
    "pct2ResTime" : 1138.0,
    "pct3ResTime" : 1138.0,
    "throughput" : 0.9374267635340989,
    "receivedKBytesPerSec" : 2.079000175767518,
    "sentKBytesPerSec" : 0.2435112491211624
  },
  "Interconnection Map" : {
    "transaction" : "Interconnection Map",
    "sampleCount" : 120,
    "errorCount" : 0,
    "errorPct" : 0.0,
    "meanResTime" : 11875.666666666673,
    "medianResTime" : 7264.0,
    "minResTime" : 4257.0,
    "maxResTime" : 30880.0,
    "pct1ResTime" : 23588.9,
    "pct2ResTime" : 23648.0,
    "pct3ResTime" : 30880.0,
    "throughput" : 0.678215163760703,
    "receivedKBytesPerSec" : 2.289638497188233,
    "sentKBytesPerSec" : 1.4114028456777912
  }
}