{
  "Total" : {
    "transaction" : "Total",
    "sampleCount" : 4,
    "errorCount" : 0,
    "errorPct" : 0.0,
    "meanResTime" : 1351.25,
    "medianResTime" : 1366.0,
    "minResTime" : 583.0,
    "maxResTime" : 2090.0,
    "pct1ResTime" : 2090.0,
    "pct2ResTime" : 2090.0,
    "pct3ResTime" : 2090.0,
    "throughput" : 0.665889795238888,
    "receivedKBytesPerSec" : 146.9584313093058,
    "sentKBytesPerSec" : 1.0825586295155651
  },
  "Token" : {
    "transaction" : "Token",
    "sampleCount" : 2,
    "errorCount" : 0,
    "errorPct" : 0.0,
    "meanResTime" : 583.0,
    "medianResTime" : 583.0,
    "minResTime" : 583.0,
    "maxResTime" : 583.0,
    "pct1ResTime" : 583.0,
    "pct2ResTime" : 583.0,
    "pct3ResTime" : 583.0,
    "throughput" : 0.5417118093174431,
    "receivedKBytesPerSec" : 1.2013940614842904,
    "sentKBytesPerSec" : 0.14071810671722643
  },
  "Interconnection Map" : {
    "transaction" : "Interconnection Map",
    "sampleCount" : 6,
    "errorCount" : 0,
    "errorPct" : 0.0,
    "meanResTime" : 1607.3333333333335,
    "medianResTime" : 1575.0,
    "minResTime" : 1157.0,
    "maxResTime" : 2090.0,
    "pct1ResTime" : 2090.0,
    "pct2ResTime" : 2090.0,
    "pct3ResTime" : 2090.0,
    "throughput" : 1.1183597390493942,
    "receivedKBytesPerSec" : 328.26151852283317,
    "sentKBytesPerSec" : 2.3273677772600188
  }
}