{
  "Enhanced Entity Search" : {
    "transaction" : "Enhanced Entity Search",
    "sampleCount" : 120,
    "errorCount" : 0,
    "errorPct" : 0.0,
    "meanResTime" : 1802.5,
    "medianResTime" : 1449.5,
    "minResTime" : 499.0,
    "maxResTime" : 4719.0,
    "pct1ResTime" : 3924.5000000000045,
    "pct2ResTime" : 4635.0,
    "pct3ResTime" : 4719.0,
    "throughput" : 0.5669952088904849,
    "receivedKBytesPerSec" : 1.5725257746572041,
    "sentKBytesPerSec" : 1.125131117642056
  },
  "Basic Entity Search" : {
    "transaction" : "Basic Entity Search",
    "sampleCount" : 120,
    "errorCount" : 0,
    "errorPct" : 0.0,
    "meanResTime" : 1155.3333333333333,
    "medianResTime" : 534.5,
    "minResTime" : 224.0,
    "maxResTime" : 3511.0,
    "pct1ResTime" : 3205.000000000001,
    "pct2ResTime" : 3510.0,
    "pct3ResTime" : 3511.0,
    "throughput" : 0.5704425207854994,
    "receivedKBytesPerSec" : 0.9488063490252563,
    "sentKBytesPerSec" : 1.0890772735699719
  },
  "Radial Map" : {
    "transaction" : "Radial Map",
    "sampleCount" : 120,
    "errorCount" : 0,
    "errorPct" : 0.0,
    "meanResTime" : 50671.83333333332,
    "medianResTime" : 42602.0,
    "minResTime" : 15428.0,
    "maxResTime" : 211872.0,
    "pct1ResTime" : 73924.9,
    "pct2ResTime" : 79152.0,
    "pct3ResTime" : 211872.0,
    "throughput" : 0.2964331679071571,
    "receivedKBytesPerSec" : 1773.3309500312491,
    "sentKBytesPerSec" : 0.6021298723114129
  },
  "EPR" : {
    "transaction" : "EPR",
    "sampleCount" : 120,
    "errorCount" : 0,
    "errorPct" : 0.0,
    "meanResTime" : 8164.3,
    "medianResTime" : 6775.5,
    "minResTime" : 3083.0,
    "maxResTime" : 20773.0,
    "pct1ResTime" : 16268.200000000015,
    "pct2ResTime" : 17122.0,
    "pct3ResTime" : 20773.0,
    "throughput" : 0.34748162690897716,
    "receivedKBytesPerSec" : 7.915952700511378,
    "sentKBytesPerSec" : 0.6681555892419688
  },
  "Total" : {
    "transaction" : "Total",
    "sampleCount" : 302,
    "errorCount" : 0,
    "errorPct" : 0.0,
    "meanResTime" : 17166.006622516546,
    "medianResTime" : 6555.0,
    "minResTime" : 224.0,
    "maxResTime" : 211872.0,
    "pct1ResTime" : 45038.19999999998,
    "pct2ResTime" : 67324.0,
    "pct3ResTime" : 79152.0,
    "throughput" : 0.7076245372322977,
    "receivedKBytesPerSec" : 1145.7613325000586,
    "sentKBytesPerSec" : 1.3970715298280145
  },
  "Token" : {
    "transaction" : "Token",
    "sampleCount" : 4,
    "errorCount" : 0,
    "errorPct" : 0.0,
    "meanResTime" : 812.0,
    "medianResTime" : 812.0,
    "minResTime" : 812.0,
    "maxResTime" : 812.0,
    "pct1ResTime" : 812.0,
    "pct2ResTime" : 812.0,
    "pct3ResTime" : 812.0,
    "throughput" : 0.9908347783007183,
    "receivedKBytesPerSec" : 2.1974470522665346,
    "sentKBytesPerSec" : 0.2573848154570225
  },
  "Interconnection Map" : {
    "transaction" : "Interconnection Map",
    "sampleCount" : 120,
    "errorCount" : 0,
    "errorPct" : 0.0,
    "meanResTime" : 24581.200000000004,
    "medianResTime" : 22979.5,
    "minResTime" : 11210.0,
    "maxResTime" : 45496.0,
    "pct1ResTime" : 40498.000000000015,
    "pct2ResTime" : 43970.0,
    "pct3ResTime" : 45496.0,
    "throughput" : 0.3365671830168199,
    "receivedKBytesPerSec" : 720.3481024973285,
    "sentKBytesPerSec" : 0.7004147138758235
  }
}