{
  "Enhanced Entity Search" : {
    "transaction" : "Enhanced Entity Search",
    "sampleCount" : 4,
    "errorCount" : 0,
    "errorPct" : 0.0,
    "meanResTime" : 823.0,
    "medianResTime" : 823.0,
    "minResTime" : 823.0,
    "maxResTime" : 823.0,
    "pct1ResTime" : 823.0,
    "pct2ResTime" : 823.0,
    "pct3ResTime" : 823.0,
    "throughput" : 4.854368932038835,
    "receivedKBytesPerSec" : 27.907880764563107,
    "sentKBytesPerSec" : 10.358199332524272
  },
  "Radial Map" : {
    "transaction" : "Radial Map",
    "sampleCount" : 4,
    "errorCount" : 0,
    "errorPct" : 0.0,
    "meanResTime" : 26387.0,
    "medianResTime" : 26387.0,
    "minResTime" : 26387.0,
    "maxResTime" : 26387.0,
    "pct1ResTime" : 26387.0,
    "pct2ResTime" : 26387.0,
    "pct3ResTime" : 26387.0,
    "throughput" : 0.15158979800659417,
    "receivedKBytesPerSec" : 55.11118164247546,
    "sentKBytesPerSec" : 0.3335271629969303
  },
  "EPR" : {
    "transaction" : "EPR",
    "sampleCount" : 4,
    "errorCount" : 0,
    "errorPct" : 0.0,
    "meanResTime" : 13702.0,
    "medianResTime" : 13702.0,
    "minResTime" : 13702.0,
    "maxResTime" : 13702.0,
    "pct1ResTime" : 13702.0,
    "pct2ResTime" : 13702.0,
    "pct3ResTime" : 13702.0,
    "throughput" : 0.29190688170473617,
    "receivedKBytesPerSec" : 20.42863560899073,
    "sentKBytesPerSec" : 0.5866644165511202
  },
  "Total" : {
    "transaction" : "Total",
    "sampleCount" : 10,
    "errorCount" : 0,
    "errorPct" : 0.0,
    "meanResTime" : 26657.8,
    "medianResTime" : 13702.0,
    "minResTime" : 351.0,
    "maxResTime" : 92026.0,
    "pct1ResTime" : 92026.0,
    "pct2ResTime" : 92026.0,
    "pct3ResTime" : 92026.0,
    "throughput" : 0.07498275396658768,
    "receivedKBytesPerSec" : 6.687831915846855,
    "sentKBytesPerSec" : 0.13277219676974295
  },
  "Token" : {
    "transaction" : "Token",
    "sampleCount" : 4,
    "errorCount" : 0,
    "errorPct" : 0.0,
    "meanResTime" : 351.0,
    "medianResTime" : 351.0,
    "minResTime" : 351.0,
    "maxResTime" : 351.0,
    "pct1ResTime" : 351.0,
    "pct2ResTime" : 351.0,
    "pct3ResTime" : 351.0,
    "throughput" : 4.264392324093817,
    "receivedKBytesPerSec" : 9.457456023454158,
    "sentKBytesPerSec" : 1.1077425373134329
  },
  "Interconnection Map" : {
    "transaction" : "Interconnection Map",
    "sampleCount" : 4,
    "errorCount" : 0,
    "errorPct" : 0.0,
    "meanResTime" : 92026.0,
    "medianResTime" : 92026.0,
    "minResTime" : 92026.0,
    "maxResTime" : 92026.0,
    "pct1ResTime" : 92026.0,
    "pct2ResTime" : 92026.0,
    "pct3ResTime" : 92026.0,
    "throughput" : 0.043465977006498166,
    "receivedKBytesPerSec" : 0.19355942885706215,
    "sentKBytesPerSec" : 0.09779844826462088
  }
}