{
  "Enhanced Entity Search" : {
    "transaction" : "Enhanced Entity Search",
    "sampleCount" : 6,
    "errorCount" : 0,
    "errorPct" : 0.0,
    "meanResTime" : 1338.0,
    "medianResTime" : 1395.0,
    "minResTime" : 269.0,
    "maxResTime" : 2350.0,
    "pct1ResTime" : 2350.0,
    "pct2ResTime" : 2350.0,
    "pct3ResTime" : 2350.0,
    "throughput" : 7.707918500118195E-5,
    "receivedKBytesPerSec" : 1.393296596066287E-4,
    "sentKBytesPerSec" : 1.501689199974199E-4
  },
  "RED List Report" : {
    "transaction" : "RED List Report",
    "sampleCount" : 6,
    "errorCount" : 2,
    "errorPct" : 33.333332,
    "meanResTime" : 2.5845280333333332E7,
    "medianResTime" : 21202.0,
    "minResTime" : 8295.0,
    "maxResTime" : 7.7506344E7,
    "pct1ResTime" : 7.7506344E7,
    "pct2ResTime" : 7.7506344E7,
    "pct3ResTime" : 7.7506344E7,
    "throughput" : 7.712940698631227E-5,
    "receivedKBytesPerSec" : 8.516874165982047E-4,
    "sentKBytesPerSec" : 1.0133277558488161E-4
  },
  "FPR - 1 Year" : {
    "transaction" : "FPR - 1 Year",
    "sampleCount" : 7,
    "errorCount" : 2,
    "errorPct" : 28.571428,
    "meanResTime" : 948.4285714285716,
    "medianResTime" : 312.0,
    "minResTime" : 301.0,
    "maxResTime" : 2736.0,
    "pct1ResTime" : 2736.0,
    "pct2ResTime" : 2736.0,
    "pct3ResTime" : 2736.0,
    "throughput" : 0.024641379917275368,
    "receivedKBytesPerSec" : 0.10195852217724193,
    "sentKBytesPerSec" : 0.057241017997007836
  },
  "Radial Map" : {
    "transaction" : "Radial Map",
    "sampleCount" : 6,
    "errorCount" : 0,
    "errorPct" : 0.0,
    "meanResTime" : 57438.0,
    "medianResTime" : 62524.0,
    "minResTime" : 26770.0,
    "maxResTime" : 83020.0,
    "pct1ResTime" : 83020.0,
    "pct2ResTime" : 83020.0,
    "pct3ResTime" : 83020.0,
    "throughput" : 7.705532064741624E-5,
    "receivedKBytesPerSec" : 0.45438160572789443,
    "sentKBytesPerSec" : 1.5599187470907605E-4
  },
  "Basic Entity Search" : {
    "transaction" : "Basic Entity Search",
    "sampleCount" : 6,
    "errorCount" : 0,
    "errorPct" : 0.0,
    "meanResTime" : 241.33333333333331,
    "medianResTime" : 246.0,
    "minResTime" : 172.0,
    "maxResTime" : 306.0,
    "pct1ResTime" : 306.0,
    "pct2ResTime" : 306.0,
    "pct3ResTime" : 306.0,
    "throughput" : 7.71253212687393E-5,
    "receivedKBytesPerSec" : 5.2496434496397744E-5,
    "sentKBytesPerSec" : 1.4415807119957716E-4
  },
  "EPR" : {
    "transaction" : "EPR",
    "sampleCount" : 6,
    "errorCount" : 0,
    "errorPct" : 0.0,
    "meanResTime" : 19748.333333333332,
    "medianResTime" : 19596.0,
    "minResTime" : 17631.0,
    "maxResTime" : 22018.0,
    "pct1ResTime" : 22018.0,
    "pct2ResTime" : 22018.0,
    "pct3ResTime" : 22018.0,
    "throughput" : 7.710605156050825E-5,
    "receivedKBytesPerSec" : 8.44476922120215E-4,
    "sentKBytesPerSec" : 1.4773639957198946E-4
  },
  "Total" : {
    "transaction" : "Total",
    "sampleCount" : 33,
    "errorCount" : 2,
    "errorPct" : 6.060606,
    "meanResTime" : 2505415.2424242417,
    "medianResTime" : 7499.0,
    "minResTime" : 59.0,
    "maxResTime" : 7.7506344E7,
    "pct1ResTime" : 74821.60000000003,
    "pct2ResTime" : 2.6589664199999794E7,
    "pct3ResTime" : 7.7506344E7,
    "throughput" : 3.991055440053471E-4,
    "receivedKBytesPerSec" : 0.301606865815697,
    "sentKBytesPerSec" : 7.333706098919277E-4
  },
  "LBO Map" : {
    "transaction" : "LBO Map",
    "sampleCount" : 6,
    "errorCount" : 0,
    "errorPct" : 0.0,
    "meanResTime" : 7892.666666666667,
    "medianResTime" : 7210.0,
    "minResTime" : 5913.0,
    "maxResTime" : 10555.0,
    "pct1ResTime" : 10555.0,
    "pct2ResTime" : 10555.0,
    "pct3ResTime" : 10555.0,
    "throughput" : 7.711637108454318E-5,
    "receivedKBytesPerSec" : 0.11378189194117343,
    "sentKBytesPerSec" : 1.561154660725176E-4
  },
  "Token" : {
    "transaction" : "Token",
    "sampleCount" : 4,
    "errorCount" : 0,
    "errorPct" : 0.0,
    "meanResTime" : 446.0,
    "medianResTime" : 446.0,
    "minResTime" : 59.0,
    "maxResTime" : 833.0,
    "pct1ResTime" : 833.0,
    "pct2ResTime" : 833.0,
    "pct3ResTime" : 833.0,
    "throughput" : 5.152002624636217E-5,
    "receivedKBytesPerSec" : 1.1425974570848485E-4,
    "sentKBytesPerSec" : 1.3030944138484183E-5
  },
  "FPR - 5 Year" : {
    "transaction" : "FPR - 5 Year",
    "sampleCount" : 6,
    "errorCount" : 0,
    "errorPct" : 0.0,
    "meanResTime" : 1595822.6666666665,
    "medianResTime" : 13879.0,
    "minResTime" : 5359.0,
    "maxResTime" : 4768230.0,
    "pct1ResTime" : 4768230.0,
    "pct2ResTime" : 4768230.0,
    "pct3ResTime" : 4768230.0,
    "throughput" : 0.0011890104519963784,
    "receivedKBytesPerSec" : 0.01954784273374905,
    "sentKBytesPerSec" : 0.0023664094737974794
  },
  "Interconnection Map" : {
    "transaction" : "Interconnection Map",
    "sampleCount" : 6,
    "errorCount" : 0,
    "errorPct" : 0.0,
    "meanResTime" : 16564.333333333336,
    "medianResTime" : 12068.0,
    "minResTime" : 7059.0,
    "maxResTime" : 30566.0,
    "pct1ResTime" : 30566.0,
    "pct2ResTime" : 30566.0,
    "pct3ResTime" : 30566.0,
    "throughput" : 7.711026109328779E-5,
    "receivedKBytesPerSec" : 0.01006055468000424,
    "sentKBytesPerSec" : 1.7470293528948014E-4
  },
  "Investee Companies Map" : {
    "transaction" : "Investee Companies Map",
    "sampleCount" : 6,
    "errorCount" : 0,
    "errorPct" : 0.0,
    "meanResTime" : 13848.0,
    "medianResTime" : 14482.0,
    "minResTime" : 7499.0,
    "maxResTime" : 19563.0,
    "pct1ResTime" : 19563.0,
    "pct2ResTime" : 19563.0,
    "pct3ResTime" : 19563.0,
    "throughput" : 7.711821467836995E-5,
    "receivedKBytesPerSec" : 0.058854151249718024,
    "sentKBytesPerSec" : 1.5611919826978603E-4
  }
}