{
  "Radial Map" : {
    "transaction" : "Radial Map",
    "sampleCount" : 12,
    "errorCount" : 0,
    "errorPct" : 0.0,
    "meanResTime" : 86130.0,
    "medianResTime" : 82131.0,
    "minResTime" : 73237.0,
    "maxResTime" : 103022.0,
    "pct1ResTime" : 103022.0,
    "pct2ResTime" : 103022.0,
    "pct3ResTime" : 103022.0,
    "throughput" : 0.021871030180199064,
    "receivedKBytesPerSec" : 109.87717223755219,
    "sentKBytesPerSec" : 0.044425530053529345
  },
  "EPR" : {
    "transaction" : "EPR",
    "sampleCount" : 12,
    "errorCount" : 0,
    "errorPct" : 0.0,
    "meanResTime" : 26492.333333333336,
    "medianResTime" : 28362.0,
    "minResTime" : 21922.0,
    "maxResTime" : 29193.0,
    "pct1ResTime" : 29193.0,
    "pct2ResTime" : 29193.0,
    "pct3ResTime" : 29193.0,
    "throughput" : 0.026380873866446827,
    "receivedKBytesPerSec" : 0.2872269167353669,
    "sentKBytesPerSec" : 0.050726504534212694
  },
  "Token" : {
    "transaction" : "Token",
    "sampleCount" : 4,
    "errorCount" : 0,
    "errorPct" : 0.0,
    "meanResTime" : 1065.0,
    "medianResTime" : 1065.0,
    "minResTime" : 1065.0,
    "maxResTime" : 1065.0,
    "pct1ResTime" : 1065.0,
    "pct2ResTime" : 1065.0,
    "pct3ResTime" : 1065.0,
    "throughput" : 0.9220839096357768,
    "receivedKBytesPerSec" : 2.044973201936376,
    "sentKBytesPerSec" : 0.2395257030889811
  },
  "FPR - 5 Year" : {
    "transaction" : "FPR - 5 Year",
    "sampleCount" : 12,
    "errorCount" : 0,
    "errorPct" : 0.0,
    "meanResTime" : 973.0,
    "medianResTime" : 278.0,
    "minResTime" : 272.0,
    "maxResTime" : 2369.0,
    "pct1ResTime" : 2369.0,
    "pct2ResTime" : 2369.0,
    "pct3ResTime" : 2369.0,
    "throughput" : 0.031207820679862372,
    "receivedKBytesPerSec" : 0.5193176410008348,
    "sentKBytesPerSec" : 0.06232421219757671
  },
  "Interconnection Map" : {
    "transaction" : "Interconnection Map",
    "sampleCount" : 12,
    "errorCount" : 0,
    "errorPct" : 0.0,
    "meanResTime" : 22920.666666666668,
    "medianResTime" : 24231.0,
    "minResTime" : 18474.0,
    "maxResTime" : 26057.0,
    "pct1ResTime" : 26057.0,
    "pct2ResTime" : 26057.0,
    "pct3ResTime" : 26057.0,
    "throughput" : 0.02585621788172935,
    "receivedKBytesPerSec" : 2.843098207840898,
    "sentKBytesPerSec" : 0.05875724512771894
  },
  "Enhanced Entity Search" : {
    "transaction" : "Enhanced Entity Search",
    "sampleCount" : 12,
    "errorCount" : 0,
    "errorPct" : 0.0,
    "meanResTime" : 281.0,
    "medianResTime" : 282.0,
    "minResTime" : 228.0,
    "maxResTime" : 333.0,
    "pct1ResTime" : 333.0,
    "pct2ResTime" : 333.0,
    "pct3ResTime" : 333.0,
    "throughput" : 0.025630346330054784,
    "receivedKBytesPerSec" : 0.04848240316534777,
    "sentKBytesPerSec" : 0.05010932944606414
  },
  "RED List Report" : {
    "transaction" : "RED List Report",
    "sampleCount" : 12,
    "errorCount" : 0,
    "errorPct" : 0.0,
    "meanResTime" : 7449.666666666666,
    "medianResTime" : 8549.0,
    "minResTime" : 4319.0,
    "maxResTime" : 9481.0,
    "pct1ResTime" : 9481.0,
    "pct2ResTime" : 9481.0,
    "pct3ResTime" : 9481.0,
    "throughput" : 0.030415244120353124,
    "receivedKBytesPerSec" : 0.46971354542896904,
    "sentKBytesPerSec" : 0.06014733334347175
  },
  "FPR - 1 Year" : {
    "transaction" : "FPR - 1 Year",
    "sampleCount" : 12,
    "errorCount" : 0,
    "errorPct" : 0.0,
    "meanResTime" : 948.3333333333331,
    "medianResTime" : 1009.0,
    "minResTime" : 528.0,
    "maxResTime" : 1308.0,
    "pct1ResTime" : 1308.0,
    "pct2ResTime" : 1308.0,
    "pct3ResTime" : 1308.0,
    "throughput" : 0.031123641258536307,
    "receivedKBytesPerSec" : 0.13045182449378692,
    "sentKBytesPerSec" : 0.06249043596440493
  },
  "Basic Entity Search" : {
    "transaction" : "Basic Entity Search",
    "sampleCount" : 12,
    "errorCount" : 0,
    "errorPct" : 0.0,
    "meanResTime" : 332.3333333333333,
    "medianResTime" : 369.0,
    "minResTime" : 162.0,
    "maxResTime" : 466.0,
    "pct1ResTime" : 466.0,
    "pct2ResTime" : 466.0,
    "pct3ResTime" : 466.0,
    "throughput" : 0.028179995021534215,
    "receivedKBytesPerSec" : 0.019814058999516243,
    "sentKBytesPerSec" : 0.052865010191764865
  },
  "RPR" : {
    "transaction" : "RPR",
    "sampleCount" : 12,
    "errorCount" : 0,
    "errorPct" : 0.0,
    "meanResTime" : 34081.333333333336,
    "medianResTime" : 31555.0,
    "minResTime" : 30535.0,
    "maxResTime" : 40154.0,
    "pct1ResTime" : 40154.0,
    "pct2ResTime" : 40154.0,
    "pct3ResTime" : 40154.0,
    "throughput" : 0.029006596583506364,
    "receivedKBytesPerSec" : 0.09376155731582624,
    "sentKBytesPerSec" : 0.057559965095395446
  },
  "Total" : {
    "transaction" : "Total",
    "sampleCount" : 68,
    "errorCount" : 0,
    "errorPct" : 0.0,
    "meanResTime" : 19073.264705882346,
    "medianResTime" : 8895.0,
    "minResTime" : 162.0,
    "maxResTime" : 103022.0,
    "pct1ResTime" : 54453.10000000003,
    "pct2ResTime" : 82131.0,
    "pct3ResTime" : 103022.0,
    "throughput" : 0.10456069133068857,
    "receivedKBytesPerSec" : 64.72118190100562,
    "sentKBytesPerSec" : 0.20457147895716085
  },
  "LBO Map" : {
    "transaction" : "LBO Map",
    "sampleCount" : 12,
    "errorCount" : 0,
    "errorPct" : 0.0,
    "meanResTime" : 7036.999999999999,
    "medianResTime" : 7681.0,
    "minResTime" : 4189.0,
    "maxResTime" : 9241.0,
    "pct1ResTime" : 9241.0,
    "pct2ResTime" : 9241.0,
    "pct3ResTime" : 9241.0,
    "throughput" : 0.027136244298562005,
    "receivedKBytesPerSec" : 31.561810640460592,
    "sentKBytesPerSec" : 0.05512049623145407
  },
  "Investee Companies Map" : {
    "transaction" : "Investee Companies Map",
    "sampleCount" : 12,
    "errorCount" : 0,
    "errorPct" : 0.0,
    "meanResTime" : 29162.999999999996,
    "medianResTime" : 17872.0,
    "minResTime" : 17251.0,
    "maxResTime" : 52366.0,
    "pct1ResTime" : 52366.0,
    "pct2ResTime" : 52366.0,
    "pct3ResTime" : 52366.0,
    "throughput" : 0.027112455688080232,
    "receivedKBytesPerSec" : 18.015856126624204,
    "sentKBytesPerSec" : 0.05507217561641298
  }
}