{
  "Enhanced Entity Search" : {
    "transaction" : "Enhanced Entity Search",
    "sampleCount" : 60,
    "errorCount" : 0,
    "errorPct" : 0.0,
    "meanResTime" : 317.13333333333327,
    "medianResTime" : 297.0,
    "minResTime" : 228.0,
    "maxResTime" : 584.0,
    "pct1ResTime" : 450.69999999999993,
    "pct2ResTime" : 468.0,
    "pct3ResTime" : 584.0,
    "throughput" : 0.20116744172011572,
    "receivedKBytesPerSec" : 2.0586265837745046,
    "sentKBytesPerSec" : 0.4149078485477387
  },
  "Radial Map" : {
    "transaction" : "Radial Map",
    "sampleCount" : 60,
    "errorCount" : 60,
    "errorPct" : 100.0,
    "meanResTime" : 29376.46666666667,
    "medianResTime" : 29281.0,
    "minResTime" : 29185.0,
    "maxResTime" : 30983.0,
    "pct1ResTime" : 29691.6,
    "pct2ResTime" : 29833.0,
    "pct3ResTime" : 30983.0,
    "throughput" : 0.1834284613714946,
    "receivedKBytesPerSec" : 0.12091231584546763,
    "sentKBytesPerSec" : 0.39354719690739615
  },
  "EPR" : {
    "transaction" : "EPR",
    "sampleCount" : 60,
    "errorCount" : 60,
    "errorPct" : 100.0,
    "meanResTime" : 29391.066666666666,
    "medianResTime" : 29332.0,
    "minResTime" : 29251.0,
    "maxResTime" : 30948.0,
    "pct1ResTime" : 29511.5,
    "pct2ResTime" : 29540.0,
    "pct3ResTime" : 30948.0,
    "throughput" : 0.18404230519121997,
    "receivedKBytesPerSec" : 0.121316949222728,
    "sentKBytesPerSec" : 0.35999681376759135
  },
  "Total" : {
    "transaction" : "Total",
    "sampleCount" : 181,
    "errorCount" : 150,
    "errorPct" : 82.872925,
    "meanResTime" : 24377.662983425427,
    "medianResTime" : 29288.0,
    "minResTime" : 228.0,
    "maxResTime" : 30983.0,
    "pct1ResTime" : 29411.2,
    "pct2ResTime" : 29518.5,
    "pct3ResTime" : 30954.3,
    "throughput" : 0.40514920011012895,
    "receivedKBytesPerSec" : 0.9134809024474593,
    "sentKBytesPerSec" : 0.850062671516892
  },
  "LBO Map" : {
    "transaction" : "LBO Map",
    "sampleCount" : 60,
    "errorCount" : 60,
    "errorPct" : 100.0,
    "meanResTime" : 29290.3,
    "medianResTime" : 29286.0,
    "minResTime" : 29207.0,
    "maxResTime" : 29412.0,
    "pct1ResTime" : 29373.6,
    "pct2ResTime" : 29383.0,
    "pct3ResTime" : 29412.0,
    "throughput" : 0.18399941120188415,
    "receivedKBytesPerSec" : 0.12128867437624198,
    "sentKBytesPerSec" : 0.3947721742290424
  },
  "Token" : {
    "transaction" : "Token",
    "sampleCount" : 2,
    "errorCount" : 0,
    "errorPct" : 0.0,
    "meanResTime" : 1049.0,
    "medianResTime" : 1049.0,
    "minResTime" : 1049.0,
    "maxResTime" : 1049.0,
    "pct1ResTime" : 1049.0,
    "pct2ResTime" : 1049.0,
    "pct3ResTime" : 1049.0,
    "throughput" : 0.4811161895597787,
    "receivedKBytesPerSec" : 1.067006705556892,
    "sentKBytesPerSec" : 0.12168856747654558
  },
  "Interconnection Map" : {
    "transaction" : "Interconnection Map",
    "sampleCount" : 60,
    "errorCount" : 60,
    "errorPct" : 100.0,
    "meanResTime" : 29308.4,
    "medianResTime" : 29290.5,
    "minResTime" : 29209.0,
    "maxResTime" : 29727.0,
    "pct1ResTime" : 29405.7,
    "pct2ResTime" : 29446.0,
    "pct3ResTime" : 29727.0,
    "throughput" : 0.18377004242025147,
    "receivedKBytesPerSec" : 0.1211374791344431,
    "sentKBytesPerSec" : 0.40343267125070825
  },
  "Investee Companies Map" : {
    "transaction" : "Investee Companies Map",
    "sampleCount" : 60,
    "errorCount" : 60,
    "errorPct" : 100.0,
    "meanResTime" : 29360.233333333334,
    "medianResTime" : 29323.5,
    "minResTime" : 29226.0,
    "maxResTime" : 29803.0,
    "pct1ResTime" : 29493.4,
    "pct2ResTime" : 29592.0,
    "pct3ResTime" : 29803.0,
    "throughput" : 0.18399658992986664,
    "receivedKBytesPerSec" : 0.12128681465103512,
    "sentKBytesPerSec" : 0.3947661211678877
  }
}