{
  "Enhanced Entity Search" : {
    "transaction" : "Enhanced Entity Search",
    "sampleCount" : 12,
    "errorCount" : 0,
    "errorPct" : 0.0,
    "meanResTime" : 9722.0,
    "medianResTime" : 9575.0,
    "minResTime" : 9550.0,
    "maxResTime" : 10041.0,
    "pct1ResTime" : 10041.0,
    "pct2ResTime" : 10041.0,
    "pct3ResTime" : 10041.0,
    "throughput" : 0.07969503367115173,
    "receivedKBytesPerSec" : 0.16701713111161287,
    "sentKBytesPerSec" : 0.1557321898202877
  },
  "Radial Map" : {
    "transaction" : "Radial Map",
    "sampleCount" : 12,
    "errorCount" : 0,
    "errorPct" : 0.0,
    "meanResTime" : 17629.666666666668,
    "medianResTime" : 12743.0,
    "minResTime" : 10813.0,
    "maxResTime" : 29333.0,
    "pct1ResTime" : 29333.0,
    "pct2ResTime" : 29333.0,
    "pct3ResTime" : 29333.0,
    "throughput" : 0.07928904159370974,
    "receivedKBytesPerSec" : 195.2194541032079,
    "sentKBytesPerSec" : 0.1605138508044534
  },
  "EPR" : {
    "transaction" : "EPR",
    "sampleCount" : 12,
    "errorCount" : 0,
    "errorPct" : 0.0,
    "meanResTime" : 20040.000000000004,
    "medianResTime" : 18698.0,
    "minResTime" : 18166.0,
    "maxResTime" : 23256.0,
    "pct1ResTime" : 23256.0,
    "pct2ResTime" : 23256.0,
    "pct3ResTime" : 23256.0,
    "throughput" : 0.09445472076823173,
    "receivedKBytesPerSec" : 61.77523220118855,
    "sentKBytesPerSec" : 0.180976720846944
  },
  "Total" : {
    "transaction" : "Total",
    "sampleCount" : 32,
    "errorCount" : 6,
    "errorPct" : 18.75,
    "meanResTime" : 11986.125,
    "medianResTime" : 11217.5,
    "minResTime" : 39.0,
    "maxResTime" : 29333.0,
    "pct1ResTime" : 24755.0,
    "pct2ResTime" : 29333.0,
    "pct3ResTime" : 29333.0,
    "throughput" : 0.16680132398550912,
    "receivedKBytesPerSec" : 193.09490979045583,
    "sentKBytesPerSec" : 0.3151754997524043
  },
  "LBO Map" : {
    "transaction" : "LBO Map",
    "sampleCount" : 12,
    "errorCount" : 0,
    "errorPct" : 0.0,
    "meanResTime" : 16301.999999999998,
    "medianResTime" : 12529.0,
    "minResTime" : 11622.0,
    "maxResTime" : 24755.0,
    "pct1ResTime" : 24755.0,
    "pct2ResTime" : 24755.0,
    "pct3ResTime" : 24755.0,
    "throughput" : 0.08979817859361086,
    "receivedKBytesPerSec" : 274.28345028922496,
    "sentKBytesPerSec" : 0.18178869553179228
  },
  "Token" : {
    "transaction" : "Token",
    "sampleCount" : 4,
    "errorCount" : 0,
    "errorPct" : 0.0,
    "meanResTime" : 577.0,
    "medianResTime" : 577.0,
    "minResTime" : 577.0,
    "maxResTime" : 577.0,
    "pct1ResTime" : 577.0,
    "pct2ResTime" : 577.0,
    "pct3ResTime" : 577.0,
    "throughput" : 1.0905125408942202,
    "receivedKBytesPerSec" : 2.4185097464558343,
    "sentKBytesPerSec" : 0.2758229961832061
  },
  "Interconnection Map" : {
    "transaction" : "Interconnection Map",
    "sampleCount" : 12,
    "errorCount" : 12,
    "errorPct" : 100.0,
    "meanResTime" : 40.0,
    "medianResTime" : 40.0,
    "minResTime" : 39.0,
    "maxResTime" : 41.0,
    "pct1ResTime" : 41.0,
    "pct2ResTime" : 41.0,
    "pct3ResTime" : 41.0,
    "throughput" : 0.09831955494014798,
    "receivedKBytesPerSec" : 0.061641752218334955,
    "sentKBytesPerSec" : 0.20393626434851003
  }
}